Detector,Frame,Time (ms)
Baseline,0,14.3867
Baseline,1,9.0039
Baseline,2,6.0015
Baseline,3,9.9919
Baseline,4,8.4682
Baseline,5,9.3558
Baseline,6,6.9988
Baseline,7,8.0009
Baseline,8,7.9991
Baseline,9,7.0016
Baseline,10,7.7184
Baseline,11,6.9963
Baseline,12,8.0011
Baseline,13,7.4466
Baseline,14,7.0414
Baseline,15,8.0001
Baseline,16,8.0009
Baseline,17,6.999
Baseline,18,8.0
Baseline,19,7.0006
Baseline,20,6.9988
Baseline,21,7.0
Baseline,22,6.7321
Baseline,23,6.998
Baseline,24,3.3547
Baseline,25,9.7102
Baseline,26,6.9013
Baseline,27,7.0059
Baseline,28,7.0004
Baseline,29,6.0534
Baseline,30,7.0007
Baseline,31,7.3025
Baseline,32,6.8754
Baseline,33,3.5103
Baseline,34,9.4892
Baseline,35,5.9979
Baseline,36,7.7694
Baseline,37,5.9982
Baseline,38,6.9991
Baseline,39,3.0045
Baseline,40,9.9998
Baseline,41,6.0093
Baseline,42,7.5896
Baseline,43,7.0007
Baseline,44,2.9658
Baseline,45,9.864
Baseline,46,6.1474
Baseline,47,9.5198
Baseline,48,6.1323
Baseline,49,8.0005
Baseline,50,6.0013
Baseline,51,6.6333
Baseline,52,6.9998
Baseline,53,5.9991
Baseline,54,0.0
Baseline,55,11.9749
Baseline,56,8.1448
Baseline,57,5.7072
Baseline,58,6.4897
Baseline,59,9.2045
Baseline,60,0.0
Baseline,61,13.008
Baseline,62,6.9991
Baseline,63,5.0052
Baseline,64,7.718
Baseline,65,4.0103
Baseline,66,8.2668
Baseline,67,5.9987
Baseline,68,6.8118
Baseline,69,6.0741
Baseline,70,6.0022
Baseline,71,5.0048
Baseline,72,0.0
Baseline,73,10.4282
Baseline,74,9.2133
Baseline,75,2.0171
Baseline,76,11.0139
Baseline,77,5.1431
Baseline,78,6.0017
Baseline,79,5.6872
Baseline,80,6.0257
Baseline,81,5.9989
Baseline,82,6.5235
Baseline,83,4.0197
Baseline,84,8.8944
Baseline,85,6.5609
Baseline,86,7.0028
Baseline,87,7.6276
Baseline,88,8.0017
Baseline,89,8.3713
Baseline,90,6.3128
Baseline,91,7.008
Baseline,92,5.9324
Baseline,93,5.9973
Baseline,94,7.9347
Baseline,95,6.0016
Baseline,96,5.999
Baseline,97,3.0006
Baseline,98,10.3591
Baseline,99,6.0321
Baseline,100,6.4262
Baseline,101,8.1485
Baseline,102,6.6907
Baseline,103,6.0027
Baseline,104,5.518
Baseline,105,2.7791
Baseline,106,7.4054
Baseline,107,14.5407
Baseline,108,6.0007
Baseline,109,7.9997
Baseline,110,6.0024
Baseline,111,7.9969
Baseline,112,7.0006
Baseline,113,6.8994
Baseline,114,0.0
Baseline,115,9.3028
Baseline,116,10.1393
Baseline,117,6.012
Baseline,118,7.0534
Baseline,119,7.1657
Baseline,120,7.0014
Baseline,121,7.6746
Baseline,122,8.0019
Baseline,123,9.1816
Baseline,124,6.6815
Baseline,125,7.9996
Baseline,126,8.0007
Baseline,127,7.1741
Baseline,128,7.0019
Baseline,129,7.9979
Baseline,130,2.0677
Baseline,131,8.2669
Baseline,132,11.2823
Baseline,133,8.1414
Baseline,134,7.9984
Baseline,135,8.0005
Baseline,136,7.8796
Baseline,137,7.1739
Baseline,138,7.3402
Baseline,139,5.9996
Baseline,140,6.0008
Baseline,141,7.1837
Baseline,142,3.0024
Baseline,143,1.9989
Baseline,144,7.007
Baseline,145,5.9934
Baseline,146,2.998
Baseline,147,7.5719
Baseline,148,9.1808
Baseline,149,17.9998
Baseline,150,18.0056
Baseline,151,19.9639
Baseline,152,17.559
Baseline,153,15.1491
Baseline,154,12.9979
Baseline,155,15.0062
Baseline,156,14.9975
Baseline,157,14.8924
Baseline,158,10.8241
Baseline,159,20.4405
Baseline,160,16.9524
Baseline,161,15.9035
Baseline,162,17.0002
Baseline,163,13.2036
Baseline,164,13.9933
Baseline,165,15.111
Baseline,166,14.0039
Baseline,167,14.4732
Baseline,168,16.0002
Baseline,169,13.3504
Baseline,170,13.8904
Baseline,171,13.9926
Baseline,172,13.5754
Baseline,173,12.793
Baseline,174,13.7799
Baseline,175,14.2519
Baseline,176,13.0022
Baseline,177,11.987
Baseline,178,12.0121
Baseline,179,13.9892
Baseline,180,13.0101
Baseline,181,12.9988
Baseline,182,12.0122
Baseline,183,13.9791
Baseline,184,13.003
Baseline,185,11.9956
Baseline,186,16.0002
Baseline,187,12.6932
Baseline,188,13.0022
Baseline,189,11.9975
Baseline,190,11.9981
Baseline,191,11.9988
Baseline,192,12.0
Baseline,193,13.0069
Baseline,194,11.9936
Baseline,195,13.0066
Baseline,196,10.9942
Baseline,197,11.9997
Baseline,198,11.0068
Baseline,199,10.9918
Baseline,200,14.0059
Baseline,201,10.9959
Baseline,202,12.0021
Baseline,203,11.0017
Baseline,204,11.0004
Baseline,205,11.9946
Baseline,206,13.0041
Baseline,207,13.0013
Baseline,208,13.0005
Baseline,209,15.9975
Baseline,210,15.0088
Baseline,211,12.9901
Baseline,212,13.0002
Baseline,213,15.0018
Baseline,214,11.9992
Baseline,215,14.0048
Baseline,216,12.9977
Baseline,217,12.9943
Baseline,218,10.9998
Baseline,219,10.0
Baseline,220,10.0037
Baseline,221,10.996
Baseline,222,12.0016
Baseline,223,12.9993
Baseline,224,11.0086
Baseline,225,11.9923
Baseline,226,10.9992
Baseline,227,10.0204
Baseline,228,10.9781
Baseline,229,11.0007
Baseline,230,12.0005
Baseline,231,11.0029
Baseline,232,13.9976
Baseline,233,12.0033
Baseline,234,10.9944
Baseline,235,14.0016
Baseline,236,11.9996
Baseline,237,10.005
Baseline,238,10.9972
Baseline,239,10.9994
Baseline,240,9.9993
Baseline,241,11.0
Baseline,242,11.0227
Baseline,243,10.981
Baseline,244,10.999
Baseline,245,11.0015
Baseline,246,10.0155
Baseline,247,10.9833
Baseline,248,11.9958
Baseline,249,13.0004
Baseline,250,10.9997
Baseline,251,11.0003
Baseline,252,11.9983
Baseline,253,10.006
Baseline,254,10.9957
Baseline,255,11.0105
Baseline,256,9.9986
Baseline,257,10.9957
Baseline,258,8.995
Baseline,259,11.0223
Baseline,260,9.988
Baseline,261,10.0038
Baseline,262,10.9901
Baseline,263,7.9952
Baseline,264,8.0003
Baseline,265,8.9996
Baseline,266,10.0015
Baseline,267,10.9982
Baseline,268,9.9997
Baseline,269,10.0084
Baseline,270,9.9937
Baseline,271,11.8095
Baseline,272,8.9989
Baseline,273,8.9982
Baseline,274,9.0003
Baseline,275,11.0012
Baseline,276,10.0004
Baseline,277,11.001
Baseline,278,8.9972
Baseline,279,11.0006
Baseline,280,10.0048
Baseline,281,10.9957
Baseline,282,8.9987
Baseline,283,11.0
Baseline,284,10.0
Baseline,285,12.0019
Baseline,286,11.001
Baseline,287,11.0052
Baseline,288,10.9939
Baseline,289,10.0001
Baseline,290,9.9995
Baseline,291,11.0014
Baseline,292,9.9992
Baseline,293,10.0031
Baseline,294,9.0008
Baseline,295,8.008
Baseline,296,7.008
Baseline,297,10.9847
Baseline,298,8.9938
Baseline,299,9.0154
Baseline,300,9.9882
Baseline,301,12.9983
Baseline,302,11.0055
Baseline,303,9.995
Baseline,304,10.0001
Baseline,305,10.9997
Baseline,306,11.0021
Baseline,307,12.9989
Baseline,308,11.9999
Baseline,309,11.6103
Baseline,310,11.0472
Baseline,311,10.0001
Baseline,312,10.0024
Baseline,313,9.9985
Baseline,314,9.9988
Baseline,315,11.0008
Baseline,316,9.9984
Baseline,317,11.0035
Baseline,318,10.9974
Baseline,319,11.0011
Baseline,320,10.0017
Baseline,321,9.9997
Baseline,322,9.997
Baseline,323,10.0014
Baseline,324,10.0004
Baseline,325,10.0006
Baseline,326,10.0004
Baseline,327,9.9973
Baseline,328,9.0052
Baseline,329,8.9978
Baseline,330,9.9967
Baseline,331,10.0153
Baseline,332,9.9849
Baseline,333,9.0011
Baseline,334,9.9989
Baseline,335,10.0024
Baseline,336,10.0064
Baseline,337,6.9925
Baseline,338,8.004
Baseline,339,7.9977
Baseline,340,9.004
Baseline,341,8.9953
Baseline,342,9.0283
Baseline,343,8.9718
Baseline,344,9.0047
Baseline,345,8.994
Baseline,346,8.0205
Baseline,347,11.9789
Baseline,348,10.0015
Baseline,349,8.0199
Baseline,350,8.9841
Baseline,351,8.0193
Baseline,352,9.9803
Baseline,353,7.9945
Baseline,354,9.0047
Baseline,355,9.0056
Baseline,356,9.9896
Baseline,357,8.0073
Baseline,358,6.9947
Baseline,359,8.0006
Baseline,360,7.9038
Baseline,361,7.9953
Baseline,362,9.1676
Baseline,363,6.9996
Baseline,364,7.485
Baseline,365,6.3994
Baseline,366,9.9962
Baseline,367,8.2078
Baseline,368,7.9987
Baseline,369,7.8339
Baseline,370,8.0017
Baseline,371,1.9999
Baseline,372,11.4741
Baseline,373,11.2911
Baseline,374,8.0016
Baseline,375,7.0786
Baseline,376,8.0002
Baseline,377,8.2489
Baseline,378,7.6471
Baseline,379,10.9976
Baseline,380,8.0037
Baseline,381,8.4175
Baseline,382,7.0064
Baseline,383,8.0015
Baseline,384,7.0014
Baseline,385,9.0007
Baseline,386,12.001
Baseline,387,12.7755
Baseline,388,15.0719
Baseline,389,10.0
Baseline,390,9.3006
Baseline,391,16.1273
Baseline,392,8.2668
Baseline,393,8.0002
Baseline,394,6.9525
Baseline,395,7.9942
Baseline,396,7.0031
Baseline,397,7.9954
Baseline,398,8.4502
Baseline,399,6.9955
Baseline,400,6.9998
Baseline,401,9.6917
Baseline,402,8.4633
Baseline,403,6.0578
Baseline,404,7.5522
Baseline,405,8.5435
Baseline,406,7.6642
Baseline,407,9.6322
Baseline,408,7.9992
Baseline,409,7.3811
Baseline,410,5.7626
Baseline,411,11.0175
Baseline,412,7.0005
Baseline,413,7.9598
Baseline,414,7.0007
Baseline,415,6.9989
Baseline,416,8.7063
Baseline,417,9.1382
Baseline,418,7.0033
Baseline,419,6.9957
Baseline,420,8.003
Baseline,421,5.9964
Baseline,422,7.0004
Baseline,423,7.001
Baseline,424,6.3478
Baseline,425,8.877
Baseline,426,8.7039
Baseline,427,6.9982
Baseline,428,7.0012
Baseline,429,7.2999
Baseline,430,7.0172
Baseline,431,4.5396
Baseline,432,11.0548
Baseline,433,6.9045
Baseline,434,6.9993
Baseline,435,7.0063
Baseline,436,7.1669
Baseline,437,7.0046
Baseline,438,3.0003
Baseline,439,10.4274
Baseline,440,6.8921
Baseline,441,7.2103
Baseline,442,9.1872
Baseline,443,6.042
Baseline,444,7.6186
Baseline,445,6.6508
Baseline,446,6.9964
Baseline,447,6.5762
Baseline,448,6.9984
Baseline,449,7.9974
Baseline,450,7.0504
Baseline,451,5.3637
Baseline,452,5.6798
Baseline,453,6.2702
Baseline,454,6.0011
Baseline,455,4.4028
Baseline,456,0.0
Baseline,457,9.7497
Baseline,458,0.0
Baseline,459,12.5171
Baseline,460,5.0014
Baseline,461,5.7408
Baseline,462,0.0
Baseline,463,9.4369
Baseline,464,0.0
Baseline,465,8.2516
Baseline,466,9.6763
Baseline,467,5.8707
Baseline,468,4.9962
Baseline,469,4.0002
Baseline,470,4.9974
Baseline,471,4.8061
Baseline,472,5.0165
Baseline,473,4.986
Baseline,474,4.9998
Baseline,475,0.0
Baseline,476,0.0
Baseline,477,10.0196
Baseline,478,0.0
Baseline,479,10.4727
Baseline,480,0.0
Baseline,481,12.0218
Baseline,482,4.2227
Baseline,483,5.1234
Baseline,484,3.0988
Baseline,485,7.122
Baseline,486,3.9905
Baseline,487,5.0214
Baseline,488,5.5912
Baseline,489,4.0803
Baseline,490,5.7917
Baseline,491,0.0
Baseline,492,9.9576
Baseline,493,4.9885
Baseline,494,4.0067
Baseline,495,5.0038
Baseline,496,4.9883
Baseline,497,4.0137
Baseline,498,4.9875
Baseline,499,5.0144
Baseline,500,4.4687
Baseline,501,4.0726
Baseline,502,5.001
Baseline,503,5.2669
Baseline,504,4.0061
Baseline,505,4.9937
Baseline,506,4.1725
Baseline,507,5.0014
Baseline,508,3.9929
Baseline,509,6.0071
Baseline,510,3.9938
Baseline,511,5.0054
Baseline,512,3.9938
Baseline,513,5.5052
Baseline,514,4.0043
Baseline,515,4.9966
Baseline,516,5.0075
Baseline,517,4.9976
Baseline,518,4.0054
Baseline,519,4.8289
Baseline,520,4.8691
Baseline,521,4.9973
Baseline,522,3.996
Baseline,523,5.0003
Baseline,524,3.9998
Baseline,525,4.9994
Baseline,526,5.0011
Baseline,527,5.002
Baseline,528,3.9961
Baseline,529,5.0023
Baseline,530,4.0013
Baseline,531,5.0021
Baseline,532,3.9955
Baseline,533,3.9999
Baseline,534,4.6627
Baseline,535,4.1728
Baseline,536,5.0412
Baseline,537,4.0014
Baseline,538,4.8229
Baseline,539,5.3028
Baseline,540,4.3289
Baseline,541,6.0053
Baseline,542,4.9963
Baseline,543,4.9993
Baseline,544,4.0032
Baseline,545,5.9396
Baseline,546,5.0032
Baseline,547,5.9969
Baseline,548,5.0004
Baseline,549,4.0001
Baseline,550,3.9999
Baseline,551,5.6117
Baseline,552,4.13
Baseline,553,4.0014
Baseline,554,4.9981
Baseline,555,5.2182
Baseline,556,4.9948
Baseline,557,4.9988
Baseline,558,4.0036
Baseline,559,0.9971
Baseline,560,7.6753
Baseline,561,3.3212
Baseline,562,6.6977
Baseline,563,4.9963
Baseline,564,4.0013
Baseline,565,4.0002
Baseline,566,4.4391
Baseline,567,2.3868
Baseline,568,5.9353
Baseline,569,6.3289
Baseline,570,4.1814
Baseline,571,5.002
Baseline,572,3.9956
Baseline,573,4.3842
Baseline,574,3.5638
Baseline,575,6.3232
Baseline,576,0.0
Baseline,577,8.8289
Baseline,578,3.9993
Baseline,579,3.9988
Baseline,580,4.0049
Baseline,581,3.9865
Baseline,582,4.0014
Baseline,583,5.0006
Baseline,584,2.9972
Baseline,585,3.0048
Baseline,586,5.7254
Baseline,587,4.4501
Baseline,588,0.0
Baseline,589,10.29
Baseline,590,4.2198
Baseline,591,0.0
Baseline,592,10.9701
Baseline,593,5.0005
Baseline,594,5.9984
Baseline,595,5.9414
Baseline,596,5.0008
Baseline,597,5.0016
Baseline,598,4.1796
Baseline,599,0.0
Baseline,600,10.2892
Baseline,601,9.5166
Baseline,602,6.0
Baseline,603,5.9988
Baseline,604,6.1672
Baseline,605,5.9978
Baseline,606,5.0044
Baseline,607,1.0
Baseline,608,11.1762
Baseline,609,5.578
Baseline,610,5.9962
Baseline,611,6.0006
Baseline,612,7.0109
Baseline,613,5.9949
Baseline,614,5.9999
Baseline,615,4.0782
Baseline,616,4.023
Baseline,617,8.2087
Baseline,618,6.3541
Baseline,619,5.9979
Baseline,620,6.6187
Baseline,621,4.2493
Baseline,622,5.9077
Baseline,623,9.9787
Baseline,624,7.8791
Baseline,625,6.1241
Baseline,626,6.5179
Baseline,627,6.996
Baseline,628,7.969
Baseline,629,6.0001
Baseline,630,7.0563
Baseline,631,8.1129
Baseline,632,8.4255
Baseline,633,6.9984
Baseline,634,7.0016
Baseline,635,6.4652
Baseline,636,7.8147
Baseline,637,6.705
Baseline,638,10.3158
Baseline,639,9.3093
Baseline,640,8.0004
Baseline,641,6.4021
Baseline,642,6.0044
Baseline,643,14.0933
Baseline,644,8.4614
Baseline,645,7.0763
Baseline,646,8.0021
Baseline,647,0.9979
Baseline,648,10.2411
Baseline,649,12.1712
Baseline,650,0.0
Baseline,651,16.411
Baseline,652,7.9899
Baseline,653,8.7816
Baseline,654,7.9974
Baseline,655,7.4433
Baseline,656,7.5674
Baseline,657,10.9194
Baseline,658,8.9977
Baseline,659,9.0232
Baseline,660,9.0127
Baseline,661,10.4835
Baseline,662,8.4363
Baseline,663,8.0005
Baseline,664,9.0785
Baseline,665,9.0002
Baseline,666,5.0041
Baseline,667,10.0453
Baseline,668,12.4483
Baseline,669,7.999
Baseline,670,7.1879
Baseline,671,11.5145
Baseline,672,9.0109
Baseline,673,9.0064
Baseline,674,9.9972
Baseline,675,8.996
Baseline,676,9.9984
Baseline,677,9.022
Baseline,678,7.9831
Baseline,679,10.0055
Baseline,680,11.0001
Baseline,681,8.9957
Baseline,682,9.0028
Baseline,683,8.9973
Baseline,684,9.9968
Baseline,685,8.9987
Baseline,686,9.0041
Baseline,687,8.9992
Baseline,688,9.9979
Baseline,689,8.9988
Baseline,690,10.0086
Baseline,691,8.9959
Baseline,692,10.9929
Baseline,693,11.0112
Baseline,694,11.0
Baseline,695,10.9909
Baseline,696,11.0006
Baseline,697,9.9988
Baseline,698,10.0007
Baseline,699,10.8214
Baseline,700,11.9957
Baseline,701,10.0072
Baseline,702,10.996
Baseline,703,10.9967
Baseline,704,10.9999
Baseline,705,11.9998
Baseline,706,12.0087
Baseline,707,9.9895
Baseline,708,11.0001
Baseline,709,11.0029
Baseline,710,10.9978
Baseline,711,11.0011
Baseline,712,9.9989
Baseline,713,9.0001
Baseline,714,10.0035
Baseline,715,9.9954
Baseline,716,11.9993
Baseline,717,9.0041
Baseline,718,9.9977
Baseline,719,9.0006
Baseline,720,9.0007
Baseline,721,10.9977
Baseline,722,9.0003
Baseline,723,10.0001
Baseline,724,10.0026
Baseline,725,8.998
Baseline,726,9.9991
Baseline,727,8.0001
Baseline,728,10.0006
Baseline,729,10.0022
Baseline,730,10.0056
Baseline,731,9.9916
Baseline,732,8.9995
Baseline,733,10.0062
Baseline,734,9.0006
Baseline,735,9.9954
Baseline,736,10.9988
Baseline,737,8.0007
Baseline,738,9.999
Baseline,739,10.0004
Baseline,740,9.9998
Baseline,741,10.0005
Baseline,742,9.9993
Baseline,743,9.9996
Baseline,744,9.0011
Baseline,745,10.0028
Baseline,746,9.9978
Baseline,747,10.0008
Baseline,748,9.0014
Baseline,749,8.998
Baseline,750,10.0003
Baseline,751,9.001
Baseline,752,10.9997
Baseline,753,9.9995
Baseline,754,11.9992
Baseline,755,12.0011
Baseline,756,9.9994
Baseline,757,11.0004
Baseline,758,11.9999
Baseline,759,9.9988
Baseline,760,10.0
Baseline,761,11.9993
Baseline,762,10.0053
Baseline,763,9.9944
Baseline,764,11.0031
Baseline,765,9.998
Baseline,766,10.9998
Baseline,767,10.0011
Baseline,768,9.9993
Baseline,769,12.0027
Baseline,770,9.9966
Baseline,771,12.0013
Baseline,772,10.0009
Baseline,773,11.004
Baseline,774,10.9967
Baseline,775,10.0035
Baseline,776,9.9959
Baseline,777,11.0018
Baseline,778,11.0002
Baseline,779,8.9965
Baseline,780,11.0013
Baseline,781,9.9968
Baseline,782,11.0018
Baseline,783,10.9995
Baseline,784,9.9996
Baseline,785,12.0013
Baseline,786,10.0
Baseline,787,8.999
Baseline,788,9.0039
Baseline,789,8.9963
Baseline,790,11.0006
Baseline,791,9.0008
Baseline,792,8.998
Baseline,793,9.002
Baseline,794,8.9993
Baseline,795,10.0006
Baseline,796,10.0006
Baseline,797,9.0024
Baseline,798,8.998
Baseline,799,8.9973
Baseline,800,9.0098
Baseline,801,7.9906
Baseline,802,8.9998
Baseline,803,9.0013
Baseline,804,9.9997
Baseline,805,8.9985
Baseline,806,10.0001
Baseline,807,10.0065
Baseline,808,8.9953
Baseline,809,9.0045
Baseline,810,8.9967
Baseline,811,9.0033
Baseline,812,10.0001
Baseline,813,8.993
Baseline,814,9.0051
Baseline,815,10.9957
Baseline,816,9.0049
Baseline,817,8.9945
Baseline,818,9.0049
Baseline,819,8.9949
Baseline,820,11.003
Baseline,821,10.0234
Baseline,822,9.997
Baseline,823,9.0008
Baseline,824,9.9785
Baseline,825,10.0019
Baseline,826,9.0009
Baseline,827,9.9985
Baseline,828,8.0201
Baseline,829,10.9793
Baseline,830,9.9986
Baseline,831,10.0043
Baseline,832,9.9946
Baseline,833,10.0067
Baseline,834,10.9968
Baseline,835,10.5387
Aruco3,0,6.0007
Aruco3,1,7.0004
Aruco3,2,7.0006
Aruco3,3,6.9977
Aruco3,4,6.0013
Aruco3,5,5.9998
Aruco3,6,5.0018
Aruco3,7,6.9972
Aruco3,8,6.0002
Aruco3,9,5.0016
Aruco3,10,5.998
Aruco3,11,5.9997
Aruco3,12,5.0036
Aruco3,13,5.9977
Aruco3,14,4.9992
Aruco3,15,5.003
Aruco3,16,5.9979
Aruco3,17,5.9986
Aruco3,18,6.0059
Aruco3,19,5.9999
Aruco3,20,5.0036
Aruco3,21,4.9904
Aruco3,22,6.0046
Aruco3,23,4.9985
Aruco3,24,5.998
Aruco3,25,7.0032
Aruco3,26,5.0062
Aruco3,27,4.9906
Aruco3,28,6.002
Aruco3,29,5.0001
Aruco3,30,4.9997
Aruco3,31,5.9995
Aruco3,32,4.998
Aruco3,33,4.9996
Aruco3,34,5.0012
Aruco3,35,5.9995
Aruco3,36,5.001
Aruco3,37,4.9994
Aruco3,38,4.9987
Aruco3,39,5.0056
Aruco3,40,4.9993
Aruco3,41,5.996
Aruco3,42,6.0004
Aruco3,43,6.0016
Aruco3,44,5.0009
Aruco3,45,4.998
Aruco3,46,5.0033
Aruco3,47,5.9964
Aruco3,48,4.9994
Aruco3,49,6.0051
Aruco3,50,4.9956
Aruco3,51,5.0006
Aruco3,52,6.0005
Aruco3,53,4.999
Aruco3,54,6.0028
Aruco3,55,5.0009
Aruco3,56,5.9967
Aruco3,57,5.0017
Aruco3,58,4.9976
Aruco3,59,6.0006
Aruco3,60,4.9997
Aruco3,61,6.0009
Aruco3,62,4.9984
Aruco3,63,6.0003
Aruco3,64,5.0031
Aruco3,65,6.0022
Aruco3,66,4.9951
Aruco3,67,4.9995
Aruco3,68,6.2636
Aruco3,69,5.9977
Aruco3,70,5.9973
Aruco3,71,5.9999
Aruco3,72,5.0025
Aruco3,73,6.0059
Aruco3,74,5.9996
Aruco3,75,5.9948
Aruco3,76,5.0
Aruco3,77,7.0029
Aruco3,78,4.9941
Aruco3,79,7.002
Aruco3,80,5.9992
Aruco3,81,16.0001
Aruco3,82,6.0004
Aruco3,83,10.9999
Aruco3,84,10.0071
Aruco3,85,8.9924
Aruco3,86,10.0
Aruco3,87,5.9997
Aruco3,88,9.9988
Aruco3,89,10.9993
Aruco3,90,7.0014
Aruco3,91,6.0005
Aruco3,92,7.0
Aruco3,93,6.0018
Aruco3,94,6.9993
Aruco3,95,5.9983
Aruco3,96,6.9998
Aruco3,97,8.0003
Aruco3,98,7.0023
Aruco3,99,6.9972
Aruco3,100,5.9999
Aruco3,101,7.0019
Aruco3,102,6.0039
Aruco3,103,6.994
Aruco3,104,6.0029
Aruco3,105,6.9966
Aruco3,106,7.0025
Aruco3,107,7.0011
Aruco3,108,6.0025
Aruco3,109,5.9976
Aruco3,110,7.0023
Aruco3,111,7.0004
Aruco3,112,7.9981
Aruco3,113,7.0001
Aruco3,114,6.9997
Aruco3,115,6.0021
Aruco3,116,6.9977
Aruco3,117,5.9997
Aruco3,118,8.0034
Aruco3,119,6.9974
Aruco3,120,7.0001
Aruco3,121,6.9981
Aruco3,122,7.9996
Aruco3,123,7.9995
Aruco3,124,8.0044
Aruco3,125,6.9952
Aruco3,126,8.0004
Aruco3,127,7.9994
Aruco3,128,8.0002
Aruco3,129,7.0013
Aruco3,130,8.0034
Aruco3,131,7.9965
Aruco3,132,8.0044
Aruco3,133,7.9954
Aruco3,134,8.0049
Aruco3,135,7.9983
Aruco3,136,6.9999
Aruco3,137,7.0055
Aruco3,138,2.9908
Aruco3,139,4.0
Aruco3,140,4.0068
Aruco3,141,2.9943
Aruco3,142,1.9983
Aruco3,143,1.9957
Aruco3,144,7.0045
Aruco3,145,2.9935
Aruco3,146,1.0009
Aruco3,147,7.9977
Aruco3,148,5.0046
Aruco3,149,17.995
Aruco3,150,17.0012
Aruco3,151,16.9984
Aruco3,152,17.0016
Aruco3,153,14.9994
Aruco3,154,12.9986
Aruco3,155,14.0219
Aruco3,156,14.0004
Aruco3,157,15.9812
Aruco3,158,15.0069
Aruco3,159,6.0036
Aruco3,160,4.9999
Aruco3,161,5.9953
Aruco3,162,5.0052
Aruco3,163,14.4581
Aruco3,164,6.5853
Aruco3,165,6.0009
Aruco3,166,5.0017
Aruco3,167,7.0004
Aruco3,168,8.9998
Aruco3,169,5.001
Aruco3,170,6.9998
Aruco3,171,6.0038
Aruco3,172,6.0009
Aruco3,173,5.9956
Aruco3,174,5.9966
Aruco3,175,4.9998
Aruco3,176,5.9999
Aruco3,177,7.0003
Aruco3,178,6.0005
Aruco3,179,5.997
Aruco3,180,6.0025
Aruco3,181,5.9997
Aruco3,182,4.9984
Aruco3,183,4.0007
Aruco3,184,4.998
Aruco3,185,4.9994
Aruco3,186,5.0019
Aruco3,187,5.0029
Aruco3,188,3.9978
Aruco3,189,4.9992
Aruco3,190,4.0
Aruco3,191,3.998
Aruco3,192,4.9995
Aruco3,193,4.0037
Aruco3,194,3.9987
Aruco3,195,4.9982
Aruco3,196,4.003
Aruco3,197,3.9988
Aruco3,198,4.0011
Aruco3,199,4.9994
Aruco3,200,4.0005
Aruco3,201,3.9975
Aruco3,202,4.0082
Aruco3,203,4.9917
Aruco3,204,4.0015
Aruco3,205,4.0003
Aruco3,206,6.0043
Aruco3,207,3.9955
Aruco3,208,4.0015
Aruco3,209,3.6225
Aruco3,210,5.1477
Aruco3,211,4.9125
Aruco3,212,5.9987
Aruco3,213,2.9968
Aruco3,214,3.9981
Aruco3,215,4.0023
Aruco3,216,3.9989
Aruco3,217,3.9987
Aruco3,218,4.0002
Aruco3,219,5.0014
Aruco3,220,3.9999
Aruco3,221,4.9986
Aruco3,222,3.9999
Aruco3,223,3.9995
Aruco3,224,5.0002
Aruco3,225,4.0032
Aruco3,226,3.9992
Aruco3,227,3.9977
Aruco3,228,5.0
Aruco3,229,5.0027
Aruco3,230,3.999
Aruco3,231,3.9991
Aruco3,232,3.9991
Aruco3,233,5.0024
Aruco3,234,2.9973
Aruco3,235,5.0003
Aruco3,236,4.0
Aruco3,237,4.0004
Aruco3,238,4.0005
Aruco3,239,5.0013
Aruco3,240,2.9981
Aruco3,241,5.0015
Aruco3,242,4.0058
Aruco3,243,3.996
Aruco3,244,3.9969
Aruco3,245,5.0016
Aruco3,246,4.0013
Aruco3,247,3.9965
Aruco3,248,4.0003
Aruco3,249,4.0018
Aruco3,250,3.9985
Aruco3,251,4.0015
Aruco3,252,3.998
Aruco3,253,5.0003
Aruco3,254,4.0221
Aruco3,255,4.0002
Aruco3,256,4.0002
Aruco3,257,4.0038
Aruco3,258,2.9737
Aruco3,259,4.0006
Aruco3,260,4.0003
Aruco3,261,4.0212
Aruco3,262,4.9888
Aruco3,263,3.0111
Aruco3,264,2.9887
Aruco3,265,3.9899
Aruco3,266,4.0114
Aruco3,267,4.0106
Aruco3,268,2.9772
Aruco3,269,4.0229
Aruco3,270,4.9902
Aruco3,271,3.0098
Aruco3,272,3.9999
Aruco3,273,2.9999
Aruco3,274,3.9918
Aruco3,275,4.0082
Aruco3,276,3.9997
Aruco3,277,3.9903
Aruco3,278,4.0102
Aruco3,279,3.9994
Aruco3,280,3.0001
Aruco3,281,4.0005
Aruco3,282,3.9995
Aruco3,283,2.9778
Aruco3,284,3.0001
Aruco3,285,4.0224
Aruco3,286,3.9998
Aruco3,287,3.0002
Aruco3,288,3.9837
Aruco3,289,4.0161
Aruco3,290,3.0003
Aruco3,291,2.9996
Aruco3,292,3.983
Aruco3,293,4.0076
Aruco3,294,3.0181
Aruco3,295,2.9916
Aruco3,296,2.9883
Aruco3,297,3.994
Aruco3,298,4.0074
Aruco3,299,4.0187
Aruco3,300,2.9917
Aruco3,301,3.9776
Aruco3,302,4.0026
Aruco3,303,3.0078
Aruco3,304,3.0001
Aruco3,305,4.0127
Aruco3,306,3.9987
Aruco3,307,2.9816
Aruco3,308,4.0183
Aruco3,309,2.9778
Aruco3,310,4.0224
Aruco3,311,3.9998
Aruco3,312,2.9774
Aruco3,313,3.0001
Aruco3,314,4.799
Aruco3,315,3.2519
Aruco3,316,3.4103
Aruco3,317,2.0181
Aruco3,318,4.0037
Aruco3,319,1.9963
Aruco3,320,2.9929
Aruco3,321,3.0075
Aruco3,322,3.0001
Aruco3,323,2.9999
Aruco3,324,2.9999
Aruco3,325,3.0017
Aruco3,326,2.9984
Aruco3,327,3.0003
Aruco3,328,3.0118
Aruco3,329,2.9888
Aruco3,330,1.9988
Aruco3,331,3.0004
Aruco3,332,3.0116
Aruco3,333,3.9823
Aruco3,334,2.9955
Aruco3,335,2.0104
Aruco3,336,3.0001
Aruco3,337,2.9886
Aruco3,338,3.0127
Aruco3,339,1.9984
Aruco3,340,2.9892
Aruco3,341,2.0144
Aruco3,342,2.9899
Aruco3,343,2.0068
Aruco3,344,1.9998
Aruco3,345,3.0006
Aruco3,346,1.9995
Aruco3,347,3.0039
Aruco3,348,1.9963
Aruco3,349,2.9998
Aruco3,350,2.0012
Aruco3,351,3.0107
Aruco3,352,2.9996
Aruco3,353,2.9888
Aruco3,354,2.0018
Aruco3,355,1.9995
Aruco3,356,2.9982
Aruco3,357,1.9891
Aruco3,358,3.0136
Aruco3,359,1.9976
Aruco3,360,1.9889
Aruco3,361,2.0128
Aruco3,362,1.9995
Aruco3,363,2.9989
Aruco3,364,2.0002
Aruco3,365,2.9996
Aruco3,366,2.0
Aruco3,367,1.9896
Aruco3,368,2.0105
Aruco3,369,3.0117
Aruco3,370,1.9771
Aruco3,371,3.0123
Aruco3,372,2.0001
Aruco3,373,0.989
Aruco3,374,1.9985
Aruco3,375,1.9997
Aruco3,376,2.0004
Aruco3,377,2.0117
Aruco3,378,2.0116
Aruco3,379,1.9879
Aruco3,380,2.0006
Aruco3,381,2.0002
Aruco3,382,1.9879
Aruco3,383,2.0025
Aruco3,384,2.0124
Aruco3,385,0.9988
Aruco3,386,1.9981
Aruco3,387,1.9891
Aruco3,388,1.0008
Aruco3,389,2.0105
Aruco3,390,0.9932
Aruco3,391,2.0065
Aruco3,392,2.0011
Aruco3,393,1.9921
Aruco3,394,0.9978
Aruco3,395,1.9979
Aruco3,396,1.9994
Aruco3,397,2.003
Aruco3,398,1.9996
Aruco3,399,0.9979
Aruco3,400,2.0027
Aruco3,401,0.9997
Aruco3,402,2.0006
Aruco3,403,0.9995
Aruco3,404,1.9985
Aruco3,405,0.9997
Aruco3,406,1.9993
Aruco3,407,1.9992
Aruco3,408,1.0014
Aruco3,409,1.9985
Aruco3,410,1.0007
Aruco3,411,0.9992
Aruco3,412,2.001
Aruco3,413,1.002
Aruco3,414,2.0005
Aruco3,415,0.9979
Aruco3,416,1.9989
Aruco3,417,1.0013
Aruco3,418,0.9983
Aruco3,419,2.0014
Aruco3,420,0.9999
Aruco3,421,0.9994
Aruco3,422,2.0012
Aruco3,423,0.9999
Aruco3,424,1.0026
Aruco3,425,1.9964
Aruco3,426,1.0011
Aruco3,427,1.0006
Aruco3,428,1.9989
Aruco3,429,0.9995
Aruco3,430,0.9997
Aruco3,431,1.0006
Aruco3,432,0.9992
Aruco3,433,0.9997
Aruco3,434,2.0013
Aruco3,435,0.9998
Aruco3,436,0.9992
Aruco3,437,1.0029
Aruco3,438,0.9969
Aruco3,439,1.0006
Aruco3,440,1.0014
Aruco3,441,2.0003
Aruco3,442,1.0
Aruco3,443,1.0081
Aruco3,444,0.9919
Aruco3,445,0.9979
Aruco3,446,2.0016
Aruco3,447,1.0
Aruco3,448,0.0
Aruco3,449,0.9994
Aruco3,450,1.002
Aruco3,451,1.9997
Aruco3,452,2.0019
Aruco3,453,0.9989
Aruco3,454,0.9974
Aruco3,455,1.0046
Aruco3,456,0.9988
Aruco3,457,0.9966
Aruco3,458,1.0004
Aruco3,459,1.0055
Aruco3,460,0.9947
Aruco3,461,1.0
Aruco3,462,0.9991
Aruco3,463,0.0
Aruco3,464,1.0002
Aruco3,465,1.0003
Aruco3,466,0.9999
Aruco3,467,1.001
Aruco3,468,1.0
Aruco3,469,0.0
Aruco3,470,1.0
Aruco3,471,0.9987
Aruco3,472,0.9992
Aruco3,473,0.0
Aruco3,474,1.0026
Aruco3,475,0.9995
Aruco3,476,0.9993
Aruco3,477,0.9998
Aruco3,478,0.0
Aruco3,479,1.0013
Aruco3,480,0.998
Aruco3,481,0.0
Aruco3,482,1.0013
Aruco3,483,0.9992
Aruco3,484,0.0
Aruco3,485,0.9997
Aruco3,486,0.9993
Aruco3,487,0.0
Aruco3,488,1.0
Aruco3,489,0.0
Aruco3,490,1.0027
Aruco3,491,0.9979
Aruco3,492,1.0011
Aruco3,493,0.0
Aruco3,494,1.0002
Aruco3,495,0.0
Aruco3,496,1.0003
Aruco3,497,0.9979
Aruco3,498,0.0
Aruco3,499,1.0039
Aruco3,500,0.997
Aruco3,501,0.0
Aruco3,502,1.0015
Aruco3,503,0.9983
Aruco3,504,0.0
Aruco3,505,1.0002
Aruco3,506,0.0
Aruco3,507,1.0005
Aruco3,508,0.0
Aruco3,509,1.0002
Aruco3,510,0.9984
Aruco3,511,0.0
Aruco3,512,1.0012
Aruco3,513,0.0
Aruco3,514,1.0007
Aruco3,515,0.9999
Aruco3,516,0.9994
Aruco3,517,0.0
Aruco3,518,0.9998
Aruco3,519,0.0
Aruco3,520,1.0032
Aruco3,521,0.9971
Aruco3,522,0.0
Aruco3,523,1.0005
Aruco3,524,0.9987
Aruco3,525,1.0045
Aruco3,526,1.0018
Aruco3,527,0.0
Aruco3,528,0.9952
Aruco3,529,0.9998
Aruco3,530,0.0
Aruco3,531,0.9998
Aruco3,532,0.9998
Aruco3,533,0.0
Aruco3,534,1.0004
Aruco3,535,0.0
Aruco3,536,0.9999
Aruco3,537,1.0009
Aruco3,538,0.9981
Aruco3,539,0.0
Aruco3,540,1.0013
Aruco3,541,0.0
Aruco3,542,0.9992
Aruco3,543,0.0
Aruco3,544,0.9994
Aruco3,545,0.0
Aruco3,546,1.0018
Aruco3,547,0.998
Aruco3,548,0.0
Aruco3,549,1.0008
Aruco3,550,0.0
Aruco3,551,0.9997
Aruco3,552,1.0015
Aruco3,553,1.0008
Aruco3,554,0.0
Aruco3,555,0.9992
Aruco3,556,0.0
Aruco3,557,0.9989
Aruco3,558,0.999
Aruco3,559,0.0
Aruco3,560,1.0014
Aruco3,561,0.9993
Aruco3,562,1.0055
Aruco3,563,0.9951
Aruco3,564,0.0
Aruco3,565,0.9997
Aruco3,566,0.0
Aruco3,567,1.0011
Aruco3,568,1.0008
Aruco3,569,0.0
Aruco3,570,0.9978
Aruco3,571,0.0
Aruco3,572,1.0001
Aruco3,573,0.0
Aruco3,574,1.0031
Aruco3,575,0.9963
Aruco3,576,0.0
Aruco3,577,1.0027
Aruco3,578,0.9985
Aruco3,579,0.9996
Aruco3,580,0.0
Aruco3,581,1.0002
Aruco3,582,0.0
Aruco3,583,1.001
Aruco3,584,0.9996
Aruco3,585,0.9986
Aruco3,586,0.0
Aruco3,587,1.0008
Aruco3,588,0.9997
Aruco3,589,0.9991
Aruco3,590,0.0
Aruco3,591,1.0
Aruco3,592,1.001
Aruco3,593,0.9995
Aruco3,594,1.0003
Aruco3,595,0.0
Aruco3,596,0.9992
Aruco3,597,1.0005
Aruco3,598,2.0001
Aruco3,599,1.0013
Aruco3,600,0.9984
Aruco3,601,1.0016
Aruco3,602,1.0003
Aruco3,603,0.9991
Aruco3,604,1.0006
Aruco3,605,0.9994
Aruco3,606,0.9985
Aruco3,607,1.0004
Aruco3,608,1.0003
Aruco3,609,1.0026
Aruco3,610,0.9968
Aruco3,611,1.0004
Aruco3,612,2.0008
Aruco3,613,1.0013
Aruco3,614,1.0015
Aruco3,615,0.9976
Aruco3,616,0.9987
Aruco3,617,2.0004
Aruco3,618,1.001
Aruco3,619,0.9997
Aruco3,620,0.9994
Aruco3,621,2.0006
Aruco3,622,0.9992
Aruco3,623,2.0005
Aruco3,624,1.9997
Aruco3,625,1.0006
Aruco3,626,1.9996
Aruco3,627,0.9995
Aruco3,628,0.9997
Aruco3,629,2.006
Aruco3,630,1.994
Aruco3,631,1.0003
Aruco3,632,2.0017
Aruco3,633,0.9982
Aruco3,634,2.0005
Aruco3,635,0.9995
Aruco3,636,1.9998
Aruco3,637,2.0011
Aruco3,638,0.9995
Aruco3,639,2.0018
Aruco3,640,1.9996
Aruco3,641,1.9981
Aruco3,642,1.9992
Aruco3,643,2.0006
Aruco3,644,2.002
Aruco3,645,2.0
Aruco3,646,1.9982
Aruco3,647,2.0031
Aruco3,648,1.9965
Aruco3,649,1.9999
Aruco3,650,2.0024
Aruco3,651,0.9982
Aruco3,652,2.0
Aruco3,653,1.9996
Aruco3,654,2.0027
Aruco3,655,1.998
Aruco3,656,1.9998
Aruco3,657,2.0004
Aruco3,658,1.9997
Aruco3,659,3.0005
Aruco3,660,1.9986
Aruco3,661,2.0002
Aruco3,662,3.0002
Aruco3,663,2.0009
Aruco3,664,1.9992
Aruco3,665,1.9996
Aruco3,666,2.0024
Aruco3,667,1.9979
Aruco3,668,2.0002
Aruco3,669,3.0009
Aruco3,670,1.9994
Aruco3,671,2.0017
Aruco3,672,1.9975
Aruco3,673,3.0001
Aruco3,674,2.002
Aruco3,675,2.0
Aruco3,676,2.0002
Aruco3,677,2.9997
Aruco3,678,2.9982
Aruco3,679,3.0
Aruco3,680,2.9996
Aruco3,681,3.0013
Aruco3,682,1.9988
Aruco3,683,2.0003
Aruco3,684,3.0002
Aruco3,685,1.9997
Aruco3,686,2.9998
Aruco3,687,2.0021
Aruco3,688,2.9977
Aruco3,689,3.0017
Aruco3,690,3.004
Aruco3,691,1.9947
Aruco3,692,3.0005
Aruco3,693,3.0009
Aruco3,694,3.0021
Aruco3,695,3.0026
Aruco3,696,2.994
Aruco3,697,2.9996
Aruco3,698,2.0032
Aruco3,699,2.9973
Aruco3,700,3.0003
Aruco3,701,3.0022
Aruco3,702,2.9999
Aruco3,703,2.9973
Aruco3,704,3.0003
Aruco3,705,3.9999
Aruco3,706,2.0003
Aruco3,707,3.9995
Aruco3,708,4.0028
Aruco3,709,1.9971
Aruco3,710,3.0028
Aruco3,711,3.0
Aruco3,712,3.0038
Aruco3,713,2.9968
Aruco3,714,1.9988
Aruco3,715,3.998
Aruco3,716,2.9999
Aruco3,717,3.002
Aruco3,718,2.9981
Aruco3,719,1.9998
Aruco3,720,3.0001
Aruco3,721,3.0041
Aruco3,722,2.9971
Aruco3,723,3.0009
Aruco3,724,2.9981
Aruco3,725,3.0009
Aruco3,726,2.999
Aruco3,727,3.0001
Aruco3,728,3.9999
Aruco3,729,3.0018
Aruco3,730,2.9988
Aruco3,731,4.0034
Aruco3,732,2.9956
Aruco3,733,3.0006
Aruco3,734,3.9999
Aruco3,735,2.9999
Aruco3,736,3.0033
Aruco3,737,2.9982
Aruco3,738,2.9984
Aruco3,739,4.0052
Aruco3,740,3.002
Aruco3,741,2.9963
Aruco3,742,4.0002
Aruco3,743,2.998
Aruco3,744,4.0025
Aruco3,745,2.9989
Aruco3,746,2.9994
Aruco3,747,2.9989
Aruco3,748,2.9984
Aruco3,749,4.0007
Aruco3,750,2.9998
Aruco3,751,2.9997
Aruco3,752,4.0018
Aruco3,753,3.0012
Aruco3,754,3.9972
Aruco3,755,3.9998
Aruco3,756,3.0026
Aruco3,757,3.9996
Aruco3,758,2.998
Aruco3,759,3.0001
Aruco3,760,2.9999
Aruco3,761,4.0027
Aruco3,762,2.9973
Aruco3,763,2.9999
Aruco3,764,4.0052
Aruco3,765,2.9976
Aruco3,766,3.9991
Aruco3,767,2.9985
Aruco3,768,2.999
Aruco3,769,4.0026
Aruco3,770,2.9976
Aruco3,771,3.0048
Aruco3,772,2.9957
Aruco3,773,4.0017
Aruco3,774,2.9982
Aruco3,775,4.0043
Aruco3,776,2.9979
Aruco3,777,3.9977
Aruco3,778,4.0034
Aruco3,779,2.9978
Aruco3,780,2.9988
Aruco3,781,4.0
Aruco3,782,3.002
Aruco3,783,4.0051
Aruco3,784,3.9955
Aruco3,785,2.997
Aruco3,786,3.0004
Aruco3,787,4.0085
Aruco3,788,3.9917
Aruco3,789,3.9998
Aruco3,790,3.0
Aruco3,791,4.0
Aruco3,792,3.0031
Aruco3,793,3.9969
Aruco3,794,4.0004
Aruco3,795,2.9994
Aruco3,796,4.0015
Aruco3,797,3.9985
Aruco3,798,3.0006
Aruco3,799,2.9994
Aruco3,800,4.0002
Aruco3,801,3.0003
Aruco3,802,2.9997
Aruco3,803,4.0
Aruco3,804,2.9999
Aruco3,805,4.0021
Aruco3,806,2.9982
Aruco3,807,3.9996
Aruco3,808,3.0
Aruco3,809,4.0002
Aruco3,810,4.0007
Aruco3,811,2.9996
Aruco3,812,3.9993
Aruco3,813,4.0003
Aruco3,814,3.0012
Aruco3,815,2.9996
Aruco3,816,4.9994
Aruco3,817,2.9999
Aruco3,818,5.0013
Aruco3,819,2.9987
Aruco3,820,4.0047
Aruco3,821,2.9955
Aruco3,822,3.9995
Aruco3,823,4.0
Aruco3,824,3.9999
Aruco3,825,4.0008
Aruco3,826,2.9993
Aruco3,827,4.0008
Aruco3,828,3.0004
Aruco3,829,4.0035
Aruco3,830,3.9997
Aruco3,831,2.997
Aruco3,832,4.0015
Aruco3,833,2.9976
Aruco3,834,4.9996
Aruco3,835,5.0026
Cropped,0,5.9986
Cropped,1,4.0013
Cropped,2,5.0052
Cropped,3,4.9959
Cropped,4,5.0004
Cropped,5,4.9983
Cropped,6,4.9972
Cropped,7,4.0037
Cropped,8,5.0007
Cropped,9,3.9982
Cropped,10,4.9993
Cropped,11,3.9985
Cropped,12,5.0038
Cropped,13,4.9969
Cropped,14,4.0008
Cropped,15,6.0018
Cropped,16,3.9986
Cropped,17,4.9989
Cropped,18,5.0021
Cropped,19,3.9997
Cropped,20,5.0009
Cropped,21,4.9994
Cropped,22,4.998
Cropped,23,3.9987
Cropped,24,6.0029
Cropped,25,3.9995
Cropped,26,3.9998
Cropped,27,4.9997
Cropped,28,4.0
Cropped,29,5.0007
Cropped,30,3.9984
Cropped,31,5.0022
Cropped,32,4.0
Cropped,33,4.9993
Cropped,34,3.9983
Cropped,35,5.0013
Cropped,36,4.998
Cropped,37,5.0011
Cropped,38,4.9994
Cropped,39,4.0018
Cropped,40,3.9993
Cropped,41,5.0002
Cropped,42,5.0027
Cropped,43,4.9991
Cropped,44,4.9989
Cropped,45,4.999
Cropped,46,5.0042
Cropped,47,4.9951
Cropped,48,5.0024
Cropped,49,5.0027
Cropped,50,3.9944
Cropped,51,6.0004
Cropped,52,4.0029
Cropped,53,4.9986
Cropped,54,5.0001
Cropped,55,5.9993
Cropped,56,5.0004
Cropped,57,4.9998
Cropped,58,5.0011
Cropped,59,3.9988
Cropped,60,4.9994
Cropped,61,5.0011
Cropped,62,5.0038
Cropped,63,5.007
Cropped,64,3.9888
Cropped,65,4.9983
Cropped,66,4.0243
Cropped,67,4.9888
Cropped,68,3.9891
Cropped,69,5.0207
Cropped,70,5.9888
Cropped,71,4.9916
Cropped,72,4.0247
Cropped,73,3.9946
Cropped,74,4.0022
Cropped,75,4.9761
Cropped,76,3.9996
Cropped,77,5.0105
Cropped,78,3.9999
Cropped,79,5.0001
Cropped,80,3.9896
Cropped,81,5.0111
Cropped,82,5.0044
Cropped,83,4.9896
Cropped,84,4.012
Cropped,85,5.0053
Cropped,86,4.9994
Cropped,87,4.9777
Cropped,88,5.0111
Cropped,89,5.9951
Cropped,90,4.997
Cropped,91,5.0119
Cropped,92,5.9956
Cropped,93,5.0124
Cropped,94,5.9884
Cropped,95,5.0009
Cropped,96,5.0184
Cropped,97,6.0039
Cropped,98,6.9718
Cropped,99,5.9983
Cropped,100,5.005
Cropped,101,5.9924
Cropped,102,5.0023
Cropped,103,5.0263
Cropped,104,5.9745
Cropped,105,5.9972
Cropped,106,4.9991
Cropped,107,5.9998
Cropped,108,6.0059
Cropped,109,7.0043
Cropped,110,6.0194
Cropped,111,5.9998
Cropped,112,6.9713
Cropped,113,6.0035
Cropped,114,5.7905
Cropped,115,6.0451
Cropped,116,7.0093
Cropped,117,6.0061
Cropped,118,6.9945
Cropped,119,7.0029
Cropped,120,6.9967
Cropped,121,6.9979
Cropped,122,6.0277
Cropped,123,5.9999
Cropped,124,5.9704
Cropped,125,7.0214
Cropped,126,6.9781
Cropped,127,6.9995
Cropped,128,6.0002
Cropped,129,7.0018
Cropped,130,7.0016
Cropped,131,8.0018
Cropped,132,6.995
Cropped,133,6.0011
Cropped,134,7.0037
Cropped,135,5.998
Cropped,136,5.9973
Cropped,137,4.999
Cropped,138,6.0013
Cropped,139,5.9984
Cropped,140,6.004
Cropped,141,5.998
Cropped,142,2.9977
Cropped,143,1.9995
Cropped,144,6.0002
Cropped,145,7.0004
Cropped,146,2.0013
Cropped,147,5.9985
Cropped,148,7.9999
Cropped,149,13.0006
Cropped,150,14.0
Cropped,151,14.0036
Cropped,152,12.998
Cropped,153,13.0015
Cropped,154,11.9961
Cropped,155,11.0037
Cropped,156,12.0189
Cropped,157,11.9894
Cropped,158,12.988
Cropped,159,13.0102
Cropped,160,13.993
Cropped,161,13.0012
Cropped,162,14.0044
Cropped,163,12.9956
Cropped,164,11.9949
Cropped,165,11.9997
Cropped,166,12.0226
Cropped,167,12.1912
Cropped,168,12.7917
Cropped,169,11.004
Cropped,170,11.9941
Cropped,171,11.0021
Cropped,172,10.9997
Cropped,173,11.0063
Cropped,174,12.9901
Cropped,175,12.0204
Cropped,176,10.9831
Cropped,177,11.0058
Cropped,178,9.999
Cropped,179,10.9954
Cropped,180,11.0054
Cropped,181,9.99
Cropped,182,11.0023
Cropped,183,9.9981
Cropped,184,9.9993
Cropped,185,9.9994
Cropped,186,11.0037
Cropped,187,10.9969
Cropped,188,12.0029
Cropped,189,11.007
Cropped,190,10.9912
Cropped,191,10.7076
Cropped,192,10.4735
Cropped,193,11.0009
Cropped,194,10.0027
Cropped,195,9.9988
Cropped,196,10.0042
Cropped,197,9.9967
Cropped,198,10.0195
Cropped,199,9.9832
Cropped,200,8.9944
Cropped,201,10.0118
Cropped,202,9.9887
Cropped,203,9.0005
Cropped,204,9.9993
Cropped,205,10.0049
Cropped,206,12.0057
Cropped,207,9.992
Cropped,208,8.9994
Cropped,209,9.9993
Cropped,210,10.9985
Cropped,211,11.0022
Cropped,212,11.0113
Cropped,213,9.0174
Cropped,214,9.9711
Cropped,215,9.0202
Cropped,216,10.983
Cropped,217,10.0105
Cropped,218,8.9856
Cropped,219,10.0344
Cropped,220,8.7106
Cropped,221,12.5452
Cropped,222,9.9968
Cropped,223,9.9825
Cropped,224,8.0067
Cropped,225,10.1928
Cropped,226,10.7373
Cropped,227,9.0158
Cropped,228,2.6608
Cropped,229,18.0453
Cropped,230,1.0127
Cropped,231,18.5995
Cropped,232,10.0202
Cropped,233,9.5985
Cropped,234,9.9847
Cropped,235,0.0
Cropped,236,19.2038
Cropped,237,9.6209
Cropped,238,11.0862
Cropped,239,11.9956
Cropped,240,10.0202
Cropped,241,4.9792
Cropped,242,15.7259
Cropped,243,10.0176
Cropped,244,10.001
Cropped,245,9.0038
Cropped,246,5.0069
Cropped,247,10.2048
Cropped,248,10.1141
Cropped,249,12.2857
Cropped,250,10.0104
Cropped,251,9.9267
Cropped,252,8.9998
Cropped,253,4.886
Cropped,254,11.2123
Cropped,255,10.3826
Cropped,256,12.1473
Cropped,257,7.9995
Cropped,258,8.02
Cropped,259,8.9813
Cropped,260,7.8584
Cropped,261,10.338
Cropped,262,9.8202
Cropped,263,7.997
Cropped,264,8.07
Cropped,265,7.0019
Cropped,266,6.996
Cropped,267,8.7521
Cropped,268,8.3411
Cropped,269,8.9968
Cropped,270,9.0095
Cropped,271,8.9928
Cropped,272,11.0281
Cropped,273,7.9976
Cropped,274,9.3942
Cropped,275,9.9681
Cropped,276,10.3767
Cropped,277,0.0
Cropped,278,10.3556
Cropped,279,13.87
Cropped,280,6.3412
Cropped,281,16.906
Cropped,282,8.0088
Cropped,283,8.9653
Cropped,284,9.3524
Cropped,285,10.0069
Cropped,286,10.9143
Cropped,287,10.0004
Cropped,288,2.0063
Cropped,289,12.041
Cropped,290,15.4371
Cropped,291,5.8314
Cropped,292,11.6569
Cropped,293,10.5628
Cropped,294,8.0107
Cropped,295,8.9439
Cropped,296,6.9832
Cropped,297,3.3645
Cropped,298,9.8331
Cropped,299,11.6944
Cropped,300,11.0114
Cropped,301,8.8828
Cropped,302,9.4177
Cropped,303,9.0036
Cropped,304,7.3099
Cropped,305,9.8349
Cropped,306,11.4128
Cropped,307,9.9985
Cropped,308,9.9949
Cropped,309,9.3557
Cropped,310,9.0007
Cropped,311,6.9932
Cropped,312,12.2897
Cropped,313,10.0684
Cropped,314,9.006
Cropped,315,9.997
Cropped,316,8.9989
Cropped,317,7.9993
Cropped,318,7.5323
Cropped,319,10.1176
Cropped,320,18.3239
Cropped,321,18.0335
Cropped,322,10.9646
Cropped,323,15.0183
Cropped,324,8.054
Cropped,325,11.8212
Cropped,326,10.0007
Cropped,327,8.9998
Cropped,328,8.5603
Cropped,329,8.9996
Cropped,330,8.8117
Cropped,331,8.6611
Cropped,332,8.6334
Cropped,333,8.9968
Cropped,334,8.68
Cropped,335,9.9956
Cropped,336,1.363
Cropped,337,9.9846
Cropped,338,9.7282
Cropped,339,8.002
Cropped,340,8.1171
Cropped,341,8.0023
Cropped,342,6.0207
Cropped,343,10.4787
Cropped,344,6.1281
Cropped,345,8.0018
Cropped,346,10.3047
Cropped,347,7.9973
Cropped,348,10.3584
Cropped,349,7.9998
Cropped,350,7.8346
Cropped,351,8.0025
Cropped,352,5.5947
Cropped,353,10.5112
Cropped,354,10.9677
Cropped,355,7.9976
Cropped,356,7.9999
Cropped,357,7.0235
Cropped,358,5.0072
Cropped,359,0.0
Cropped,360,16.7647
Cropped,361,7.1146
Cropped,362,7.9876
Cropped,363,6.9982
Cropped,364,7.0036
Cropped,365,8.3557
Cropped,366,7.0054
Cropped,367,7.7663
Cropped,368,7.3607
Cropped,369,7.0132
Cropped,370,8.213
Cropped,371,8.164
Cropped,372,8.0042
Cropped,373,6.9916
Cropped,374,9.2946
Cropped,375,7.0001
Cropped,376,8.543
Cropped,377,7.0034
Cropped,378,7.5523
Cropped,379,7.0
Cropped,380,5.4146
Cropped,381,0.0
Cropped,382,9.6
Cropped,383,11.9548
Cropped,384,5.9978
Cropped,385,8.5127
Cropped,386,6.5606
Cropped,387,5.9957
Cropped,388,7.0019
Cropped,389,5.9981
Cropped,390,8.0033
Cropped,391,7.073
Cropped,392,7.0559
Cropped,393,8.0021
Cropped,394,6.9939
Cropped,395,6.9999
Cropped,396,6.0011
Cropped,397,6.9561
Cropped,398,0.0
Cropped,399,9.4878
Cropped,400,11.2034
Cropped,401,8.0081
Cropped,402,10.0329
Cropped,403,18.1128
Cropped,404,16.8168
Cropped,405,9.6115
Cropped,406,14.8389
Cropped,407,8.042
Cropped,408,6.9996
Cropped,409,2.0036
Cropped,410,10.1688
Cropped,411,10.8973
Cropped,412,7.0004
Cropped,413,7.1983
Cropped,414,7.0062
Cropped,415,6.9939
Cropped,416,1.0005
Cropped,417,12.4794
Cropped,418,7.4039
Cropped,419,7.0037
Cropped,420,6.731
Cropped,421,6.0548
Cropped,422,5.9927
Cropped,423,5.8337
Cropped,424,5.9966
Cropped,425,6.0042
Cropped,426,2.6989
Cropped,427,10.3691
Cropped,428,9.8413
Cropped,429,7.0022
Cropped,430,7.144
Cropped,431,6.0195
Cropped,432,6.9737
Cropped,433,3.0047
Cropped,434,11.7548
Cropped,435,8.3777
Cropped,436,7.0023
Cropped,437,5.4902
Cropped,438,9.9853
Cropped,439,10.7916
Cropped,440,5.6139
Cropped,441,8.846
Cropped,442,7.9866
Cropped,443,7.835
Cropped,444,7.9996
Cropped,445,7.0005
Cropped,446,7.0959
Cropped,447,8.0363
Cropped,448,8.0349
Cropped,449,2.0089
Cropped,450,13.3795
Cropped,451,5.0018
Cropped,452,6.9976
Cropped,453,5.0011
Cropped,454,5.9992
Cropped,455,4.9991
Cropped,456,6.0024
Cropped,457,5.9984
Cropped,458,4.0014
Cropped,459,5.0028
Cropped,460,4.9973
Cropped,461,4.9973
Cropped,462,5.0004
Cropped,463,5.0027
Cropped,464,4.0016
Cropped,465,4.9975
Cropped,466,5.0002
Cropped,467,4.9998
Cropped,468,4.9999
Cropped,469,3.9984
Cropped,470,4.9999
Cropped,471,5.0027
Cropped,472,4.0116
Cropped,473,4.0025
Cropped,474,3.9982
Cropped,475,4.0081
Cropped,476,3.9998
Cropped,477,4.9927
Cropped,478,3.9986
Cropped,479,4.0168
Cropped,480,4.9736
Cropped,481,4.0177
Cropped,482,4.9888
Cropped,483,5.0198
Cropped,484,3.9825
Cropped,485,4.0012
Cropped,486,4.9862
Cropped,487,5.0048
Cropped,488,4.008
Cropped,489,4.0093
Cropped,490,3.9834
Cropped,491,4.0246
Cropped,492,4.973
Cropped,493,4.0191
Cropped,494,4.0079
Cropped,495,4.9752
Cropped,496,5.0055
Cropped,497,3.9931
Cropped,498,4.0026
Cropped,499,4.0045
Cropped,500,4.0205
Cropped,501,4.0005
Cropped,502,3.9901
Cropped,503,4.9846
Cropped,504,4.0108
Cropped,505,4.0005
Cropped,506,4.0197
Cropped,507,3.9832
Cropped,508,4.0009
Cropped,509,3.9849
Cropped,510,4.0225
Cropped,511,4.978
Cropped,512,4.022
Cropped,513,3.9778
Cropped,514,5.0225
Cropped,515,4.99
Cropped,516,4.0007
Cropped,517,2.9886
Cropped,518,4.0203
Cropped,519,4.9896
Cropped,520,3.9923
Cropped,521,3.9996
Cropped,522,4.0097
Cropped,523,4.0013
Cropped,524,4.9864
Cropped,525,4.0046
Cropped,526,5.0167
Cropped,527,4.9805
Cropped,528,4.0038
Cropped,529,4.0157
Cropped,530,3.9994
Cropped,531,4.0005
Cropped,532,3.9806
Cropped,533,5.019
Cropped,534,3.9832
Cropped,535,3.9982
Cropped,536,4.027
Cropped,537,3.9917
Cropped,538,4.984
Cropped,539,4.0167
Cropped,540,4.9952
Cropped,541,3.9958
Cropped,542,5.9893
Cropped,543,4.0131
Cropped,544,4.0061
Cropped,545,4.9809
Cropped,546,3.9983
Cropped,547,3.9976
Cropped,548,4.0311
Cropped,549,3.6876
Cropped,550,4.0447
Cropped,551,5.0358
Cropped,552,3.9809
Cropped,553,4.019
Cropped,554,3.9807
Cropped,555,5.0111
Cropped,556,3.9799
Cropped,557,5.0018
Cropped,558,4.019
Cropped,559,3.9763
Cropped,560,5.0232
Cropped,561,4.9774
Cropped,562,4.023
Cropped,563,3.9839
Cropped,564,4.0209
Cropped,565,4.9749
Cropped,566,4.0104
Cropped,567,4.9977
Cropped,568,3.9953
Cropped,569,4.0083
Cropped,570,3.9964
Cropped,571,4.0196
Cropped,572,4.9808
Cropped,573,3.9925
Cropped,574,3.9978
Cropped,575,4.0289
Cropped,576,3.9826
Cropped,577,4.0039
Cropped,578,3.9939
Cropped,579,4.0119
Cropped,580,4.9918
Cropped,581,3.9914
Cropped,582,4.0076
Cropped,583,3.0092
Cropped,584,3.9828
Cropped,585,5.9981
Cropped,586,4.0151
Cropped,587,3.9968
Cropped,588,4.9909
Cropped,589,4.0016
Cropped,590,4.0154
Cropped,591,4.9905
Cropped,592,4.9902
Cropped,593,6.0029
Cropped,594,4.0169
Cropped,595,4.9793
Cropped,596,5.0003
Cropped,597,3.9962
Cropped,598,6.0054
Cropped,599,5.0105
Cropped,600,5.0092
Cropped,601,5.9805
Cropped,602,6.0106
Cropped,603,5.0079
Cropped,604,4.9995
Cropped,605,5.9832
Cropped,606,5.0169
Cropped,607,5.9838
Cropped,608,5.9955
Cropped,609,5.0011
Cropped,610,5.9981
Cropped,611,5.9988
Cropped,612,5.9997
Cropped,613,6.0014
Cropped,614,6.9994
Cropped,615,6.0008
Cropped,616,5.999
Cropped,617,6.0054
Cropped,618,6.9963
Cropped,619,6.9984
Cropped,620,6.0023
Cropped,621,5.9984
Cropped,622,6.0003
Cropped,623,6.9978
Cropped,624,6.0066
Cropped,625,4.993
Cropped,626,6.0048
Cropped,627,5.9999
Cropped,628,5.9985
Cropped,629,5.9972
Cropped,630,7.0017
Cropped,631,6.0063
Cropped,632,5.9941
Cropped,633,6.9983
Cropped,634,6.001
Cropped,635,6.0067
Cropped,636,5.9917
Cropped,637,6.0028
Cropped,638,8.0004
Cropped,639,5.9988
Cropped,640,7.0018
Cropped,641,5.9959
Cropped,642,7.0007
Cropped,643,7.0054
Cropped,644,5.996
Cropped,645,8.0046
Cropped,646,6.9971
Cropped,647,5.9986
Cropped,648,6.9989
Cropped,649,6.0019
Cropped,650,8.0007
Cropped,651,6.0274
Cropped,652,6.9744
Cropped,653,7.9978
Cropped,654,7.0035
Cropped,655,6.9951
Cropped,656,6.9979
Cropped,657,7.0022
Cropped,658,6.9914
Cropped,659,6.998
Cropped,660,7.0013
Cropped,661,7.0141
Cropped,662,7.9927
Cropped,663,7.0023
Cropped,664,7.991
Cropped,665,6.9986
Cropped,666,8.9994
Cropped,667,7.0063
Cropped,668,7.9958
Cropped,669,6.9992
Cropped,670,8.0027
Cropped,671,6.9962
Cropped,672,8.0023
Cropped,673,9.0003
Cropped,674,7.0035
Cropped,675,7.9955
Cropped,676,6.9998
Cropped,677,8.0023
Cropped,678,8.0005
Cropped,679,9.0008
Cropped,680,10.0057
Cropped,681,8.9959
Cropped,682,8.0054
Cropped,683,8.9899
Cropped,684,7.9996
Cropped,685,7.9993
Cropped,686,7.9988
Cropped,687,8.0016
Cropped,688,8.0013
Cropped,689,8.0
Cropped,690,8.0037
Cropped,691,9.0052
Cropped,692,8.9918
Cropped,693,9.0193
Cropped,694,7.9847
Cropped,695,8.9934
Cropped,696,9.0024
Cropped,697,10.0082
Cropped,698,7.9943
Cropped,699,9.0017
Cropped,700,8.9947
Cropped,701,9.0033
Cropped,702,9.9996
Cropped,703,8.9974
Cropped,704,11.0008
Cropped,705,9.0032
Cropped,706,10.0045
Cropped,707,8.9944
Cropped,708,8.9968
Cropped,709,10.0089
Cropped,710,8.9981
Cropped,711,9.9975
Cropped,712,8.0002
Cropped,713,10.0045
Cropped,714,10.9921
Cropped,715,8.9995
Cropped,716,10.0036
Cropped,717,8.999
Cropped,718,8.9965
Cropped,719,9.0089
Cropped,720,7.9945
Cropped,721,9.0056
Cropped,722,7.9903
Cropped,723,8.0048
Cropped,724,10.0017
Cropped,725,8.9985
Cropped,726,9.0029
Cropped,727,8.994
Cropped,728,9.9986
Cropped,729,12.0097
Cropped,730,9.9914
Cropped,731,9.9984
Cropped,732,8.9989
Cropped,733,8.0011
Cropped,734,9.0015
Cropped,735,8.9995
Cropped,736,9.9977
Cropped,737,8.031
Cropped,738,9.9711
Cropped,739,10.0009
Cropped,740,7.9974
Cropped,741,10.0004
Cropped,742,9.0058
Cropped,743,9.0045
Cropped,744,10.2733
Cropped,745,10.5647
Cropped,746,10.9947
Cropped,747,8.9951
Cropped,748,8.0114
Cropped,749,8.992
Cropped,750,9.01
Cropped,751,8.9981
Cropped,752,9.9942
Cropped,753,8.9988
Cropped,754,9.9981
Cropped,755,10.0009
Cropped,756,8.0086
Cropped,757,8.9921
Cropped,758,9.0063
Cropped,759,9.9939
Cropped,760,8.0196
Cropped,761,8.9868
Cropped,762,8.0145
Cropped,763,8.9774
Cropped,764,8.9998
Cropped,765,8.9976
Cropped,766,9.0047
Cropped,767,9.0112
Cropped,768,9.1936
Cropped,769,8.0209
Cropped,770,9.9782
Cropped,771,8.0022
Cropped,772,9.0026
Cropped,773,8.9998
Cropped,774,8.0066
Cropped,775,7.9952
Cropped,776,7.9929
Cropped,777,9.0011
Cropped,778,8.9988
Cropped,779,9.0047
Cropped,780,8.997
Cropped,781,8.0209
Cropped,782,10.9885
Cropped,783,7.9909
Cropped,784,9.0017
Cropped,785,7.9991
Cropped,786,7.997
Cropped,787,8.0031
Cropped,788,6.9988
Cropped,789,8.005
Cropped,790,7.9936
Cropped,791,8.9999
Cropped,792,8.0015
Cropped,793,7.9988
Cropped,794,8.0027
Cropped,795,7.9991
Cropped,796,7.9962
Cropped,797,8.0017
Cropped,798,6.9996
Cropped,799,6.9994
Cropped,800,6.9999
Cropped,801,7.0015
Cropped,802,7.9981
Cropped,803,8.0028
Cropped,804,7.9974
Cropped,805,8.0016
Cropped,806,7.9997
Cropped,807,9.0044
Cropped,808,6.9958
Cropped,809,9.0043
Cropped,810,6.9961
Cropped,811,8.9979
Cropped,812,7.0167
Cropped,813,8.9868
Cropped,814,8.0086
Cropped,815,7.9994
Cropped,816,8.9894
Cropped,817,8.013
Cropped,818,7.986
Cropped,819,10.009
Cropped,820,7.993
Cropped,821,8.9997
Cropped,822,8.0049
Cropped,823,8.0022
Cropped,824,7.9946
Cropped,825,8.0008
Cropped,826,7.9962
Cropped,827,8.0017
Cropped,828,6.9877
Cropped,829,8.0121
Cropped,830,7.9876
Cropped,831,9.0021
Cropped,832,7.9974
Cropped,833,9.0001
Cropped,834,7.9998
Cropped,835,11.0032
ROI,0,6.001
ROI,1,6.9998
ROI,2,6.9995
ROI,3,8.0023
ROI,4,5.9993
ROI,5,4.9985
ROI,6,6.9979
ROI,7,6.0011
ROI,8,6.0
ROI,9,6.0007
ROI,10,6.0001
ROI,11,7.0018
ROI,12,6.5319
ROI,13,6.026
ROI,14,6.0007
ROI,15,6.002
ROI,16,5.9992
ROI,17,6.9974
ROI,18,6.0024
ROI,19,6.9983
ROI,20,5.0018
ROI,21,7.9994
ROI,22,5.9986
ROI,23,5.0019
ROI,24,6.0013
ROI,25,5.9986
ROI,26,5.9978
ROI,27,8.0017
ROI,28,5.0014
ROI,29,5.0005
ROI,30,6.9982
ROI,31,6.0025
ROI,32,5.0026
ROI,33,5.9947
ROI,34,4.9995
ROI,35,5.0019
ROI,36,5.9973
ROI,37,5.0028
ROI,38,5.9974
ROI,39,6.0025
ROI,40,5.9999
ROI,41,5.004
ROI,42,5.9936
ROI,43,7.0029
ROI,44,5.9987
ROI,45,6.0021
ROI,46,6.9994
ROI,47,6.0035
ROI,48,4.9937
ROI,49,6.0003
ROI,50,6.0002
ROI,51,4.9993
ROI,52,6.0017
ROI,53,6.0032
ROI,54,5.9951
ROI,55,6.0011
ROI,56,6.9986
ROI,57,6.0038
ROI,58,4.9961
ROI,59,6.0021
ROI,60,5.9997
ROI,61,6.0051
ROI,62,5.9949
ROI,63,5.0012
ROI,64,6.0049
ROI,65,4.9944
ROI,66,4.999
ROI,67,6.0001
ROI,68,5.9986
ROI,69,5.0005
ROI,70,6.0093
ROI,71,5.9952
ROI,72,5.0173
ROI,73,5.0
ROI,74,5.0003
ROI,75,4.9881
ROI,76,6.0001
ROI,77,5.9954
ROI,78,6.0017
ROI,79,5.9976
ROI,80,5.9958
ROI,81,6.0031
ROI,82,6.0115
ROI,83,5.9908
ROI,84,5.9936
ROI,85,6.0051
ROI,86,5.9966
ROI,87,5.9999
ROI,88,7.021
ROI,89,6.9828
ROI,90,7.0055
ROI,91,6.9941
ROI,92,5.9966
ROI,93,5.9995
ROI,94,6.001
ROI,95,7.0051
ROI,96,6.0002
ROI,97,6.618
ROI,98,7.3709
ROI,99,8.0028
ROI,100,6.9964
ROI,101,7.0017
ROI,102,7.0014
ROI,103,7.0026
ROI,104,6.9947
ROI,105,7.9996
ROI,106,7.9999
ROI,107,8.0024
ROI,108,6.9959
ROI,109,9.0057
ROI,110,6.9955
ROI,111,7.0057
ROI,112,7.9928
ROI,113,7.0065
ROI,114,5.9932
ROI,115,6.9978
ROI,116,9.0064
ROI,117,5.9955
ROI,118,9.0067
ROI,119,6.9965
ROI,120,6.9965
ROI,121,7.9984
ROI,122,8.0046
ROI,123,7.0185
ROI,124,7.9836
ROI,125,7.9986
ROI,126,7.0174
ROI,127,8.9792
ROI,128,8.0042
ROI,129,7.0006
ROI,130,6.9965
ROI,131,8.0117
ROI,132,6.9856
ROI,133,8.0114
ROI,134,7.013
ROI,135,7.9811
ROI,136,6.9973
ROI,137,5.998
ROI,138,1.0034
ROI,139,6.9964
ROI,140,0.0
ROI,141,7.023
ROI,142,1.9762
ROI,143,1.9996
ROI,144,7.0312
ROI,145,0.9812
ROI,146,1.9997
ROI,147,6.9893
ROI,148,0.0
ROI,149,17.0005
ROI,150,16.0068
ROI,151,18.0011
ROI,152,15.9998
ROI,153,14.9969
ROI,154,15.0108
ROI,155,15.9898
ROI,156,15.0
ROI,157,13.0199
ROI,158,0.9902
ROI,159,0.0
ROI,160,1.001
ROI,161,0.0
ROI,162,0.0
ROI,163,13.9875
ROI,164,1.0008
ROI,165,0.0
ROI,166,0.0
ROI,167,14.0074
ROI,168,0.996
ROI,169,0.0
ROI,170,0.0
ROI,171,0.0
ROI,172,0.995
ROI,173,0.0
ROI,174,0.0
ROI,175,1.0003
ROI,176,0.0
ROI,177,0.0
ROI,178,0.0
ROI,179,0.0
ROI,180,1.0002
ROI,181,0.0
ROI,182,0.0
ROI,183,0.0
ROI,184,0.9996
ROI,185,0.0
ROI,186,0.0
ROI,187,0.0
ROI,188,0.9998
ROI,189,0.0
ROI,190,0.0
ROI,191,0.0
ROI,192,1.0002
ROI,193,0.0
ROI,194,0.0
ROI,195,0.0
ROI,196,0.9999
ROI,197,0.0
ROI,198,0.0
ROI,199,1.0049
ROI,200,0.0
ROI,201,0.0
ROI,202,0.0
ROI,203,0.9958
ROI,204,0.0
ROI,205,0.0
ROI,206,1.0043
ROI,207,0.0
ROI,208,0.0
ROI,209,0.9993
ROI,210,0.0
ROI,211,0.0
ROI,212,0.0
ROI,213,0.9967
ROI,214,0.0
ROI,215,0.0
ROI,216,0.0
ROI,217,0.0
ROI,218,0.9999
ROI,219,0.0
ROI,220,0.0
ROI,221,0.0
ROI,222,0.0
ROI,223,0.9995
ROI,224,0.0
ROI,225,0.0
ROI,226,0.0
ROI,227,1.0009
ROI,228,0.0
ROI,229,0.9995
ROI,230,0.0
ROI,231,0.0
ROI,232,0.0
ROI,233,0.0
ROI,234,0.9995
ROI,235,0.0
ROI,236,0.0
ROI,237,0.0
ROI,238,0.9996
ROI,239,0.0
ROI,240,1.001
ROI,241,0.0
ROI,242,0.0
ROI,243,0.0
ROI,244,0.9993
ROI,245,0.0
ROI,246,0.0
ROI,247,0.0
ROI,248,0.0
ROI,249,1.0005
ROI,250,0.0
ROI,251,0.0
ROI,252,0.9994
ROI,253,0.0
ROI,254,0.0
ROI,255,1.0009
ROI,256,0.0
ROI,257,0.0
ROI,258,0.0
ROI,259,0.9996
ROI,260,0.0
ROI,261,0.0
ROI,262,0.9999
ROI,263,0.0
ROI,264,0.0
ROI,265,0.0
ROI,266,0.9994
ROI,267,0.0
ROI,268,0.0
ROI,269,1.0009
ROI,270,0.0
ROI,271,0.0
ROI,272,0.0
ROI,273,0.9996
ROI,274,0.0
ROI,275,0.0
ROI,276,1.0012
ROI,277,0.0
ROI,278,0.0
ROI,279,0.0
ROI,280,1.001
ROI,281,0.0
ROI,282,0.0
ROI,283,0.0
ROI,284,0.999
ROI,285,0.0
ROI,286,0.0
ROI,287,0.0
ROI,288,0.9991
ROI,289,0.0
ROI,290,0.0
ROI,291,1.0001
ROI,292,0.0
ROI,293,0.0
ROI,294,0.0
ROI,295,0.0
ROI,296,1.0003
ROI,297,0.0
ROI,298,0.0
ROI,299,0.9992
ROI,300,0.0
ROI,301,0.9999
ROI,302,0.0
ROI,303,0.0
ROI,304,0.0
ROI,305,1.0007
ROI,306,0.0
ROI,307,0.0
ROI,308,0.9993
ROI,309,0.0
ROI,310,0.0
ROI,311,1.0005
ROI,312,0.0
ROI,313,0.0
ROI,314,0.0
ROI,315,1.0044
ROI,316,0.0
ROI,317,0.997
ROI,318,0.0
ROI,319,0.0
ROI,320,0.9996
ROI,321,0.0
ROI,322,0.0
ROI,323,1.0017
ROI,324,0.0
ROI,325,0.0
ROI,326,0.9993
ROI,327,0.0
ROI,328,0.0
ROI,329,0.0
ROI,330,0.999
ROI,331,0.0
ROI,332,0.0
ROI,333,0.0
ROI,334,0.999
ROI,335,0.0
ROI,336,0.0
ROI,337,0.0
ROI,338,1.0006
ROI,339,0.0
ROI,340,0.0
ROI,341,0.9988
ROI,342,0.0
ROI,343,0.0
ROI,344,0.0
ROI,345,0.0
ROI,346,0.9999
ROI,347,0.0
ROI,348,0.0
ROI,349,0.0
ROI,350,1.0001
ROI,351,0.0
ROI,352,0.0
ROI,353,0.0
ROI,354,1.0002
ROI,355,0.0
ROI,356,0.0
ROI,357,0.0
ROI,358,1.0008
ROI,359,0.0
ROI,360,0.0
ROI,361,1.0009
ROI,362,0.0
ROI,363,0.0
ROI,364,0.0
ROI,365,0.9984
ROI,366,0.0
ROI,367,0.0
ROI,368,0.0
ROI,369,0.9999
ROI,370,0.0
ROI,371,0.0
ROI,372,1.001
ROI,373,0.0
ROI,374,0.0
ROI,375,0.9997
ROI,376,0.0
ROI,377,0.0
ROI,378,0.0
ROI,379,0.9989
ROI,380,0.0
ROI,381,0.0
ROI,382,0.0
ROI,383,1.0011
ROI,384,0.0
ROI,385,1.002
ROI,386,0.0
ROI,387,0.0
ROI,388,0.997
ROI,389,0.0
ROI,390,0.0
ROI,391,0.0
ROI,392,1.0011
ROI,393,0.0
ROI,394,0.0
ROI,395,0.9989
ROI,396,0.0
ROI,397,0.0
ROI,398,0.0
ROI,399,1.0
ROI,400,0.0
ROI,401,0.0
ROI,402,0.0
ROI,403,1.0009
ROI,404,0.0
ROI,405,0.0
ROI,406,0.9995
ROI,407,0.0
ROI,408,0.0
ROI,409,1.0004
ROI,410,0.0
ROI,411,0.9999
ROI,412,0.0
ROI,413,1.0017
ROI,414,0.0
ROI,415,0.0
ROI,416,1.0024
ROI,417,0.0
ROI,418,0.0
ROI,419,0.9958
ROI,420,0.0
ROI,421,0.0
ROI,422,0.0
ROI,423,1.0014
ROI,424,0.0
ROI,425,0.0
ROI,426,0.9984
ROI,427,0.0
ROI,428,0.0
ROI,429,0.9994
ROI,430,0.0
ROI,431,0.0
ROI,432,0.0
ROI,433,1.0002
ROI,434,0.0
ROI,435,0.0
ROI,436,0.0
ROI,437,0.0
ROI,438,1.0041
ROI,439,0.0
ROI,440,0.0
ROI,441,0.9985
ROI,442,0.0
ROI,443,0.0
ROI,444,0.9975
ROI,445,0.0
ROI,446,0.0
ROI,447,0.9997
ROI,448,0.0
ROI,449,0.0
ROI,450,1.0006
ROI,451,0.0
ROI,452,0.0
ROI,453,0.999
ROI,454,0.0
ROI,455,0.0
ROI,456,1.0001
ROI,457,0.0
ROI,458,0.0
ROI,459,0.0
ROI,460,0.9997
ROI,461,0.0
ROI,462,0.0
ROI,463,1.0003
ROI,464,0.0
ROI,465,0.0
ROI,466,1.0017
ROI,467,0.0
ROI,468,0.0
ROI,469,0.0
ROI,470,0.9988
ROI,471,0.0
ROI,472,1.0022
ROI,473,0.0
ROI,474,0.0
ROI,475,0.9973
ROI,476,0.0
ROI,477,0.0
ROI,478,0.0
ROI,479,1.0001
ROI,480,0.0
ROI,481,0.0
ROI,482,0.0
ROI,483,1.0002
ROI,484,0.0
ROI,485,0.0
ROI,486,0.9995
ROI,487,0.0
ROI,488,0.0
ROI,489,1.0026
ROI,490,0.0
ROI,491,1.0002
ROI,492,0.0
ROI,493,0.0
ROI,494,0.0
ROI,495,1.0001
ROI,496,0.0
ROI,497,0.0
ROI,498,0.9968
ROI,499,0.0
ROI,500,0.0
ROI,501,0.0
ROI,502,1.0003
ROI,503,0.0
ROI,504,0.0
ROI,505,1.0007
ROI,506,0.0
ROI,507,0.9992
ROI,508,0.0
ROI,509,0.0
ROI,510,1.0001
ROI,511,0.0
ROI,512,0.0
ROI,513,1.0
ROI,514,0.0
ROI,515,0.0
ROI,516,1.0012
ROI,517,0.0
ROI,518,0.0
ROI,519,0.9993
ROI,520,0.0
ROI,521,1.0023
ROI,522,0.0
ROI,523,0.0
ROI,524,0.9978
ROI,525,0.0
ROI,526,0.0
ROI,527,0.9999
ROI,528,0.0
ROI,529,0.0
ROI,530,0.0
ROI,531,1.0002
ROI,532,0.0
ROI,533,0.0
ROI,534,1.001
ROI,535,0.0
ROI,536,0.9982
ROI,537,0.0
ROI,538,1.0062
ROI,539,0.0
ROI,540,0.0
ROI,541,0.9941
ROI,542,0.0
ROI,543,0.0
ROI,544,0.0
ROI,545,0.9998
ROI,546,0.0
ROI,547,0.0
ROI,548,1.0006
ROI,549,0.0
ROI,550,0.0
ROI,551,0.0
ROI,552,0.9995
ROI,553,0.0
ROI,554,0.0
ROI,555,0.9999
ROI,556,0.0
ROI,557,0.0
ROI,558,0.0
ROI,559,1.0
ROI,560,0.0
ROI,561,0.0
ROI,562,1.0009
ROI,563,0.0
ROI,564,0.0
ROI,565,0.9996
ROI,566,0.0
ROI,567,0.9995
ROI,568,0.0
ROI,569,0.0
ROI,570,1.0006
ROI,571,0.0
ROI,572,0.0
ROI,573,0.9995
ROI,574,0.0
ROI,575,0.0
ROI,576,0.0
ROI,577,1.0005
ROI,578,0.0
ROI,579,0.0
ROI,580,0.9995
ROI,581,0.0
ROI,582,0.0
ROI,583,1.0006
ROI,584,0.0
ROI,585,0.0
ROI,586,1.0059
ROI,587,0.0
ROI,588,0.9968
ROI,589,0.0
ROI,590,1.0022
ROI,591,0.0
ROI,592,0.0
ROI,593,0.999
ROI,594,0.0
ROI,595,0.0
ROI,596,0.996
ROI,597,0.0
ROI,598,0.0
ROI,599,0.0
ROI,600,0.9995
ROI,601,0.0
ROI,602,0.0
ROI,603,1.0008
ROI,604,0.9994
ROI,605,0.0
ROI,606,1.0011
ROI,607,0.0
ROI,608,0.0
ROI,609,0.9991
ROI,610,0.0
ROI,611,0.0
ROI,612,0.0
ROI,613,0.9992
ROI,614,0.0
ROI,615,0.0
ROI,616,1.0056
ROI,617,0.0
ROI,618,0.9961
ROI,619,0.0
ROI,620,0.0
ROI,621,0.0
ROI,622,0.9995
ROI,623,0.0
ROI,624,0.9995
ROI,625,0.0
ROI,626,0.0
ROI,627,1.0003
ROI,628,0.0
ROI,629,1.0018
ROI,630,0.0
ROI,631,0.0
ROI,632,1.0015
ROI,633,0.0
ROI,634,0.0
ROI,635,0.9994
ROI,636,0.0
ROI,637,1.0061
ROI,638,0.0
ROI,639,0.0
ROI,640,0.9932
ROI,641,0.0
ROI,642,0.0
ROI,643,0.0
ROI,644,0.9989
ROI,645,0.0
ROI,646,0.0
ROI,647,0.9998
ROI,648,0.0
ROI,649,0.0
ROI,650,0.0
ROI,651,1.0007
ROI,652,0.0
ROI,653,1.0013
ROI,654,0.0
ROI,655,0.0
ROI,656,1.002
ROI,657,0.0
ROI,658,0.9962
ROI,659,0.0
ROI,660,0.0
ROI,661,0.9993
ROI,662,0.0
ROI,663,0.0
ROI,664,0.9991
ROI,665,0.0
ROI,666,0.0
ROI,667,0.0
ROI,668,1.0001
ROI,669,0.0
ROI,670,0.0
ROI,671,0.0
ROI,672,0.9998
ROI,673,0.0
ROI,674,0.0
ROI,675,0.0
ROI,676,1.0008
ROI,677,0.0
ROI,678,1.001
ROI,679,0.0
ROI,680,0.0
ROI,681,1.0016
ROI,682,0.0
ROI,683,0.9964
ROI,684,0.0
ROI,685,0.0
ROI,686,1.0042
ROI,687,0.0
ROI,688,1.0004
ROI,689,0.0
ROI,690,0.0
ROI,691,0.0
ROI,692,0.9986
ROI,693,0.0
ROI,694,0.9977
ROI,695,0.0
ROI,696,0.0
ROI,697,0.0
ROI,698,0.9991
ROI,699,0.0
ROI,700,1.0015
ROI,701,0.0
ROI,702,0.0
ROI,703,0.0
ROI,704,1.0012
ROI,705,0.0
ROI,706,0.0
ROI,707,0.0
ROI,708,0.9995
ROI,709,0.0
ROI,710,0.0
ROI,711,0.0
ROI,712,0.9996
ROI,713,0.0
ROI,714,0.0
ROI,715,0.0
ROI,716,1.0002
ROI,717,0.0
ROI,718,0.0
ROI,719,0.0
ROI,720,0.9997
ROI,721,0.0
ROI,722,0.0
ROI,723,0.9997
ROI,724,0.0
ROI,725,0.0
ROI,726,0.0
ROI,727,0.9985
ROI,728,0.0
ROI,729,0.0
ROI,730,1.0015
ROI,731,0.0
ROI,732,0.0
ROI,733,0.0
ROI,734,1.0009
ROI,735,0.0
ROI,736,0.0
ROI,737,0.0
ROI,738,0.9981
ROI,739,0.0
ROI,740,0.0
ROI,741,1.0023
ROI,742,0.0
ROI,743,0.0
ROI,744,1.0013
ROI,745,0.0
ROI,746,0.0
ROI,747,0.9971
ROI,748,0.0
ROI,749,0.0
ROI,750,0.0
ROI,751,0.9997
ROI,752,0.0
ROI,753,0.0
ROI,754,0.0
ROI,755,0.0
ROI,756,1.0007
ROI,757,0.0
ROI,758,0.0
ROI,759,0.0
ROI,760,0.9998
ROI,761,0.0
ROI,762,0.999
ROI,763,0.0
ROI,764,0.0
ROI,765,0.0
ROI,766,0.9996
ROI,767,0.0
ROI,768,0.0
ROI,769,1.0012
ROI,770,0.0
ROI,771,0.0
ROI,772,0.9992
ROI,773,0.0
ROI,774,0.0
ROI,775,0.0
ROI,776,0.0
ROI,777,0.9997
ROI,778,0.0
ROI,779,1.0021
ROI,780,0.0
ROI,781,0.0
ROI,782,0.0
ROI,783,0.9983
ROI,784,0.0
ROI,785,0.0
ROI,786,0.0
ROI,787,1.0005
ROI,788,0.0
ROI,789,0.0
ROI,790,0.0
ROI,791,1.0002
ROI,792,0.0
ROI,793,0.0
ROI,794,0.0
ROI,795,0.9994
ROI,796,0.0
ROI,797,0.0
ROI,798,0.0
ROI,799,0.9998
ROI,800,0.0
ROI,801,0.0
ROI,802,1.0048
ROI,803,0.0
ROI,804,0.0
ROI,805,0.9986
ROI,806,0.0
ROI,807,0.0
ROI,808,0.0
ROI,809,0.0
ROI,810,0.997
ROI,811,0.0
ROI,812,0.0
ROI,813,0.0
ROI,814,0.0
ROI,815,1.0005
ROI,816,0.0
ROI,817,0.0
ROI,818,0.0
ROI,819,1.0026
ROI,820,0.0
ROI,821,0.0
ROI,822,1.0009
ROI,823,0.0
ROI,824,0.0
ROI,825,0.0
ROI,826,0.9971
ROI,827,0.0
ROI,828,0.0
ROI,829,0.0
ROI,830,0.9988
ROI,831,0.0
ROI,832,0.0
ROI,833,0.0
ROI,834,0.9997
ROI,835,0.0
Color,0,129.022
Color,1,1.0044
Color,2,0.0
Color,3,0.9943
Color,4,0.9998
Color,5,1.0
Color,6,0.0
Color,7,0.9999
Color,8,1.0003
Color,9,0.9824
Color,10,0.0
Color,11,1.0085
Color,12,0.999
Color,13,0.9987
Color,14,0.0
Color,15,1.011
Color,16,0.9816
Color,17,0.9991
Color,18,0.9987
Color,19,0.0
Color,20,0.999
Color,21,0.9999
Color,22,1.0006
Color,23,0.0
Color,24,1.0012
Color,25,0.9985
Color,26,0.9994
Color,27,0.0
Color,28,1.0015
Color,29,0.9998
Color,30,0.9998
Color,31,0.0
Color,32,0.9999
Color,33,0.9996
Color,34,0.9996
Color,35,0.0
Color,36,2.0115
Color,37,0.9995
Color,38,1.0108
Color,39,0.0
Color,40,1.009
Color,41,1.0
Color,42,1.0008
Color,43,0.0
Color,44,0.9712
Color,45,1.002
Color,46,1.0092
Color,47,0.0
Color,48,0.9967
Color,49,1.0201
Color,50,0.9999
Color,51,0.0
Color,52,1.0002
Color,53,0.9999
Color,54,1.0
Color,55,0.0
Color,56,1.9802
Color,57,0.0
Color,58,1.0111
Color,59,0.9887
Color,60,1.0112
Color,61,0.0
Color,62,1.009
Color,63,1.0001
Color,64,0.9998
Color,65,0.0
Color,66,1.0001
Color,67,0.9999
Color,68,0.0
Color,69,1.0001
Color,70,1.0
Color,71,1.0002
Color,72,0.0
Color,73,0.9997
Color,74,1.0002
Color,75,0.9999
Color,76,0.0
Color,77,1.9801
Color,78,0.0
Color,79,1.0108
Color,80,1.9913
Color,81,0.9981
Color,82,0.0
Color,83,1.0106
Color,84,1.0001
Color,85,1.0005
Color,86,0.0
Color,87,0.9996
Color,88,1.0001
Color,89,0.9999
Color,90,0.0
Color,91,0.9999
Color,92,1.0006
Color,93,0.9993
Color,94,0.0
Color,95,1.0001
Color,96,1.0005
Color,97,0.9996
Color,98,0.0
Color,99,0.9998
Color,100,0.9997
Color,101,0.99
Color,102,0.0
Color,103,1.0013
Color,104,0.9983
Color,105,1.0113
Color,106,0.9995
Color,107,0.0
Color,108,1.0
Color,109,1.0002
Color,110,0.9998
Color,111,0.0
Color,112,0.9999
Color,113,1.0003
Color,114,0.0
Color,115,0.9997
Color,116,1.0004
Color,117,0.9998
Color,118,0.0
Color,119,0.9891
Color,120,1.0112
Color,121,0.9995
Color,122,0.9909
Color,123,0.0
Color,124,1.0028
Color,125,0.9972
Color,126,1.0097
Color,127,0.0
Color,128,0.9997
Color,129,1.0002
Color,130,0.9996
Color,131,0.0
Color,132,0.9999
Color,133,1.0008
Color,134,0.9992
Color,135,0.0
Color,136,1.0004
Color,137,1.0002
Color,138,0.9995
Color,139,0.0
Color,140,0.9901
Color,141,1.0105
Color,142,0.9993
Color,143,0.0
Color,144,1.0
Color,145,1.0006
Color,146,0.992
Color,147,0.0
Color,148,0.9986
Color,149,0.9989
Color,150,1.007
Color,151,0.0
Color,152,1.0029
Color,153,1.0005
Color,154,0.9996
Color,155,0.0
Color,156,1.0009
Color,157,0.9992
Color,158,0.9998
Color,159,0.0
Color,160,2.0006
Color,161,0.9881
Color,162,0.0
Color,163,1.0118
Color,164,1.0128
Color,165,0.998
Color,166,0.0
Color,167,0.997
Color,168,0.9816
Color,169,1.0002
Color,170,0.0
Color,171,1.0007
Color,172,0.9978
Color,173,1.0203
Color,174,0.0
Color,175,1.0
Color,176,1.0005
Color,177,0.9995
Color,178,0.0
Color,179,1.0002
Color,180,0.9999
Color,181,0.0
Color,182,1.0003
Color,183,0.9997
Color,184,0.9944
Color,185,0.0
Color,186,1.0055
Color,187,1.0003
Color,188,0.9793
Color,189,1.0211
Color,190,0.0
Color,191,0.9791
Color,192,1.0115
Color,193,1.0087
Color,194,0.0
Color,195,1.0003
Color,196,0.9998
Color,197,0.0
Color,198,1.0001
Color,199,0.9999
Color,200,1.0001
Color,201,0.0
Color,202,0.9997
Color,203,1.0004
Color,204,0.9795
Color,205,0.0
Color,206,1.0113
Color,207,1.0089
Color,208,1.0001
Color,209,0.0
Color,210,0.9998
Color,211,1.0005
Color,212,0.9794
Color,213,0.0
Color,214,1.0113
Color,215,1.0088
Color,216,1.0002
Color,217,0.0
Color,218,0.9999
Color,219,1.0003
Color,220,0.9996
Color,221,0.0
Color,222,1.0002
Color,223,0.9999
Color,224,0.0
Color,225,1.0004
Color,226,0.9995
Color,227,0.9914
Color,228,0.0
Color,229,1.0085
Color,230,1.0002
Color,231,0.9999
Color,232,0.0
Color,233,1.0003
Color,234,1.0
Color,235,0.9998
Color,236,0.0
Color,237,0.9912
Color,238,1.0089
Color,239,0.9998
Color,240,0.0
Color,241,1.0002
Color,242,0.9997
Color,243,1.0002
Color,244,0.0
Color,245,2.0006
Color,246,0.9798
Color,247,0.0
Color,248,1.0107
Color,249,1.0007
Color,250,0.9994
Color,251,0.0
Color,252,0.9999
Color,253,1.0
Color,254,0.9833
Color,255,0.0
Color,256,1.0043
Color,257,1.0024
Color,258,0.999
Color,259,0.0
Color,260,1.011
Color,261,1.0001
Color,262,1.0
Color,263,0.0
Color,264,1.9831
Color,265,1.0122
Color,266,0.9937
Color,267,0.0
Color,268,1.011
Color,269,1.0
Color,270,1.0001
Color,271,0.0
Color,272,0.9999
Color,273,1.0087
Color,274,0.0
Color,275,1.9796
Color,276,0.9945
Color,277,0.0
Color,278,1.0079
Color,279,0.9979
Color,280,0.9999
Color,281,0.0
Color,282,1.0203
Color,283,1.0004
Color,284,0.9829
Color,285,0.0
Color,286,0.9969
Color,287,0.9996
Color,288,1.0114
Color,289,0.0
Color,290,1.009
Color,291,0.9999
Color,292,1.0001
Color,293,0.0
Color,294,0.9998
Color,295,0.9914
Color,296,0.9857
Color,297,1.0258
Color,298,0.9787
Color,299,1.0004
Color,300,1.0096
Color,301,0.0
Color,302,0.9996
Color,303,1.0002
Color,304,1.0014
Color,305,0.9871
Color,306,0.0
Color,307,1.0111
Color,308,1.0003
Color,309,0.0
Color,310,0.9998
Color,311,1.0004
Color,312,0.9997
Color,313,0.0
Color,314,0.9999
Color,315,1.0009
Color,316,0.999
Color,317,0.9859
Color,318,0.0
Color,319,1.0152
Color,320,0.9879
Color,321,0.0
Color,322,1.0111
Color,323,1.0005
Color,324,1.0
Color,325,0.0
Color,326,0.9996
Color,327,1.0
Color,328,0.9999
Color,329,0.0
Color,330,1.0
Color,331,1.0004
Color,332,0.9998
Color,333,0.0
Color,334,0.9999
Color,335,1.0004
Color,336,0.9996
Color,337,0.0
Color,338,1.0
Color,339,1.0005
Color,340,0.9999
Color,341,0.0
Color,342,0.9996
Color,343,1.0001
Color,344,0.9999
Color,345,0.0
Color,346,1.0011
Color,347,0.9889
Color,348,1.01
Color,349,0.0
Color,350,0.9999
Color,351,1.0006
Color,352,0.9994
Color,353,0.0
Color,354,1.0
Color,355,1.0004
Color,356,0.0
Color,357,0.9997
Color,358,1.0001
Color,359,0.9998
Color,360,0.0
Color,361,1.0
Color,362,1.0009
Color,363,0.9995
Color,364,0.0
Color,365,0.9999
Color,366,0.9997
Color,367,1.0007
Color,368,0.0
Color,369,0.9995
Color,370,1.0
Color,371,0.9998
Color,372,0.0
Color,373,1.0
Color,374,1.0015
Color,375,0.9987
Color,376,0.0
Color,377,0.9999
Color,378,1.0002
Color,379,0.9997
Color,380,0.0
Color,381,1.0001
Color,382,1.0
Color,383,1.0
Color,384,0.0
Color,385,1.0006
Color,386,0.9997
Color,387,1.9818
Color,388,0.0
Color,389,1.0085
Color,390,0.9981
Color,391,0.9998
Color,392,0.0
Color,393,1.0203
Color,394,0.9999
Color,395,0.0
Color,396,1.0003
Color,397,0.9998
Color,398,1.0001
Color,399,0.0
Color,400,0.9999
Color,401,1.0002
Color,402,0.9999
Color,403,0.0
Color,404,1.0001
Color,405,0.9998
Color,406,0.9778
Color,407,0.0
Color,408,1.0036
Color,409,0.9985
Color,410,0.9997
Color,411,0.0
Color,412,1.0203
Color,413,1.0001
Color,414,0.0
Color,415,1.0003
Color,416,0.9997
Color,417,1.0002
Color,418,0.0
Color,419,0.9997
Color,420,1.0002
Color,421,0.9998
Color,422,0.0
Color,423,1.0003
Color,424,0.9998
Color,425,0.9913
Color,426,0.0
Color,427,1.0086
Color,428,1.0003
Color,429,0.9739
Color,430,1.0081
Color,431,0.0
Color,432,0.9977
Color,433,1.0199
Color,434,0.9915
Color,435,0.0
Color,436,1.0086
Color,437,1.0002
Color,438,0.9999
Color,439,0.0
Color,440,1.0002
Color,441,1.0
Color,442,1.0
Color,443,0.0
Color,444,0.9999
Color,445,1.0003
Color,446,0.0
Color,447,0.9909
Color,448,1.0088
Color,449,0.9999
Color,450,0.0
Color,451,1.0006
Color,452,0.9794
Color,453,1.0001
Color,454,0.0
Color,455,1.0111
Color,456,1.0088
Color,457,0.9999
Color,458,0.0
Color,459,1.0002
Color,460,0.9998
Color,461,1.0002
Color,462,0.0
Color,463,0.9999
Color,464,1.0001
Color,465,0.9998
Color,466,0.0
Color,467,1.0002
Color,468,1.0
Color,469,0.9912
Color,470,0.0
Color,471,1.0086
Color,472,1.0002
Color,473,0.98
Color,474,0.0
Color,475,0.9909
Color,476,1.0036
Color,477,0.0
Color,478,1.0068
Color,479,0.9983
Color,480,1.0203
Color,481,0.0
Color,482,1.0002
Color,483,0.9999
Color,484,0.9911
Color,485,0.0
Color,486,1.0087
Color,487,1.0
Color,488,1.0003
Color,489,0.0
Color,490,0.9999
Color,491,1.0001
Color,492,0.9999
Color,493,0.0
Color,494,1.0003
Color,495,0.9786
Color,496,1.0011
Color,497,0.0
Color,498,1.011
Color,499,1.009
Color,500,0.0
Color,501,1.0001
Color,502,0.9798
Color,503,0.9998
Color,504,0.0
Color,505,1.0202
Color,506,0.9799
Color,507,1.0202
Color,508,0.0
Color,509,1.0001
Color,510,0.9999
Color,511,0.9999
Color,512,0.0
Color,513,1.0001
Color,514,0.9999
Color,515,1.0002
Color,516,0.0
Color,517,0.9768
Color,518,0.9981
Color,519,0.9954
Color,520,0.9988
Color,521,0.0
Color,522,1.0005
Color,523,1.0011
Color,524,0.9986
Color,525,0.0
Color,526,1.0012
Color,527,1.0
Color,528,0.9988
Color,529,0.0
Color,530,1.0003
Color,531,1.0
Color,532,0.9994
Color,533,0.0
Color,534,1.0011
Color,535,1.0006
Color,536,1.0023
Color,537,0.0
Color,538,1.0012
Color,539,0.9981
Color,540,1.0048
Color,541,1.0034
Color,542,0.0
Color,543,1.0104
Color,544,1.0091
Color,545,0.0
Color,546,1.0
Color,547,1.0
Color,548,1.0001
Color,549,0.0
Color,550,1.0
Color,551,0.9997
Color,552,1.0002
Color,553,0.0
Color,554,0.9999
Color,555,1.0001
Color,556,0.974
Color,557,0.0
Color,558,1.0058
Color,559,1.0111
Color,560,1.0089
Color,561,0.0
Color,562,1.0003
Color,563,0.9797
Color,564,0.9998
Color,565,1.0113
Color,566,0.0
Color,567,1.0089
Color,568,0.9999
Color,569,1.0002
Color,570,0.0
Color,571,0.9999
Color,572,1.0001
Color,573,0.9998
Color,574,0.0
Color,575,1.0003
Color,576,0.9998
Color,577,0.9801
Color,578,0.9998
Color,579,1.0112
Color,580,1.0088
Color,581,0.0
Color,582,1.0003
Color,583,1.9756
Color,584,0.9952
Color,585,1.0101
Color,586,1.0102
Color,587,0.0
Color,588,0.9998
Color,589,1.0018
Color,590,0.9986
Color,591,0.0
Color,592,1.0005
Color,593,0.9997
Color,594,0.9996
Color,595,0.0
Color,596,0.991
Color,597,1.0002
Color,598,0.9981
Color,599,0.0
Color,600,1.011
Color,601,0.9997
Color,602,1.0842
Color,603,0.0
Color,604,0.9048
Color,605,1.0007
Color,606,0.9999
Color,607,0.0
Color,608,1.0109
Color,609,1.0009
Color,610,0.9989
Color,611,0.0
Color,612,0.9997
Color,613,1.0013
Color,614,1.0003
Color,615,0.0
Color,616,0.9991
Color,617,0.9896
Color,618,0.9983
Color,619,0.0
Color,620,1.0115
Color,621,1.0026
Color,622,0.9971
Color,623,0.0
Color,624,1.0025
Color,625,0.9984
Color,626,0.9888
Color,627,0.0
Color,628,1.0107
Color,629,1.0013
Color,630,0.9793
Color,631,0.0
Color,632,1.009
Color,633,1.0002
Color,634,1.0124
Color,635,0.0
Color,636,1.0011
Color,637,0.9869
Color,638,1.0104
Color,639,0.9992
Color,640,0.0
Color,641,1.0009
Color,642,0.9996
Color,643,0.0
Color,644,1.0002
Color,645,1.0008
Color,646,1.0011
Color,647,0.9893
Color,648,0.9968
Color,649,0.0
Color,650,1.0112
Color,651,1.0089
Color,652,1.0002
Color,653,0.0
Color,654,0.9998
Color,655,1.0002
Color,656,0.9998
Color,657,0.0
Color,658,0.9817
Color,659,1.0003
Color,660,0.9986
Color,661,0.0
Color,662,0.9911
Color,663,1.0033
Color,664,1.006
Color,665,0.0
Color,666,1.0101
Color,667,1.0089
Color,668,0.9777
Color,669,0.0
Color,670,0.9972
Color,671,1.0068
Color,672,1.0094
Color,673,0.0
Color,674,1.0001
Color,675,1.0088
Color,676,1.0
Color,677,0.0
Color,678,1.0003
Color,679,0.7355
Color,680,1.0156
Color,681,0.0
Color,682,1.536
Color,683,0.5141
Color,684,1.0153
Color,685,0.5048
Color,686,0.5252
Color,687,1.0378
Color,688,0.5119
Color,689,0.5346
Color,690,1.0394
Color,691,0.9787
Color,692,1.0029
Color,693,0.998
Color,694,0.0
Color,695,1.02
Color,696,1.0003
Color,697,0.9999
Color,698,0.0
Color,699,1.0
Color,700,0.9801
Color,701,1.011
Color,702,0.0
Color,703,1.0087
Color,704,1.0003
Color,705,0.9998
Color,706,0.0
Color,707,1.0002
Color,708,0.9999
Color,709,1.0001
Color,710,0.0
Color,711,0.9999
Color,712,1.0001
Color,713,0.0
Color,714,0.9803
Color,715,0.9995
Color,716,1.0112
Color,717,0.0
Color,718,1.0091
Color,719,0.9999
Color,720,0.9726
Color,721,0.0
Color,722,0.9994
Color,723,1.0105
Color,724,1.0174
Color,725,0.0
Color,726,1.0001
Color,727,0.9999
Color,728,1.0001
Color,729,0.0
Color,730,0.9998
Color,731,1.0003
Color,732,0.9997
Color,733,0.0
Color,734,1.0002
Color,735,1.0002
Color,736,0.0
Color,737,1.0
Color,738,0.9908
Color,739,1.0089
Color,740,0.0
Color,741,0.9999
Color,742,0.9801
Color,743,1.0112
Color,744,0.0
Color,745,1.0088
Color,746,1.0
Color,747,1.0
Color,748,0.0
Color,749,1.0001
Color,750,0.9999
Color,751,1.0001
Color,752,0.0
Color,753,0.9999
Color,754,1.0001
Color,755,0.9998
Color,756,0.0
Color,757,1.0003
Color,758,0.9969
Color,759,0.976
Color,760,0.0
Color,761,1.0077
Color,762,0.9989
Color,763,1.0201
Color,764,0.0
Color,765,1.0003
Color,766,0.9997
Color,767,0.0
Color,768,1.0002
Color,769,0.9999
Color,770,1.0001
Color,771,0.0
Color,772,1.0001
Color,773,0.9999
Color,774,0.9999
Color,775,0.0
Color,776,1.0001
Color,777,0.9914
Color,778,1.0085
Color,779,0.0
Color,780,1.0001
Color,781,0.9801
Color,782,0.9998
Color,783,0.0
Color,784,1.0
Color,785,1.0016
Color,786,1.002
Color,787,0.0
Color,788,0.9971
Color,789,1.0106
Color,790,1.0
Color,791,0.0
Color,792,1.0106
Color,793,0.9981
Color,794,1.0001
Color,795,0.0
Color,796,0.9999
Color,797,1.0002
Color,798,1.0001
Color,799,0.0
Color,800,1.0
Color,801,0.9999
Color,802,0.0
Color,803,1.232
Color,804,0.7493
Color,805,0.9986
Color,806,1.0116
Color,807,0.0
Color,808,0.9896
Color,809,1.013
Color,810,1.0061
Color,811,0.0
Color,812,0.9999
Color,813,1.0
Color,814,0.0
Color,815,0.9998
Color,816,1.0002
Color,817,0.9998
Color,818,0.0
Color,819,1.0001
Color,820,0.9999
Color,821,1.0033
Color,822,0.0
Color,823,0.9984
Color,824,0.9984
Color,825,1.0001
Color,826,1.0034
Color,827,0.0
Color,828,0.9881
Color,829,0.9995
Color,830,1.0105
Color,831,0.0
Color,832,0.9983
Color,833,1.0001
Color,834,0.0
Color,835,0.9998
